INSERT INTO `BOOK` VALUES
('圖說演算法：使用C語言(暢銷回饋版)','978-986-434-551-9.png', '978-986-434-551-9','理解零負擔‧採功能強大C語言實作<br/>  一本輕量級演算法<br/> 是您獲得程式設計新技能','博碩',360,'2020/12/15',18),
('AI世代高中生也能輕鬆搞懂的運算思維與演算法：使用C語言','978-986-434-543-4.png', '978-986-434-543-4','這是一本結合運算思維與演算法的入門書籍，開章即簡介AI世代與運算思維之間連結的關鍵心法，並針對運算思維的基礎安排了生動有趣、又富挑戰的小試身手擬真試題，包括：<br/>  　　線上軟體通關密碼  以數字加密提高資訊安全  三分球比賽燈號記錄器  動物園巡邏最佳化路線 餐飲轉盤<br/> 繪圖機器人  將影像以字串編碼  電腦繪圖指令實作  炸彈超人遊戲  高雄愛河雷射字母秀','博碩',450,'2020/12/15',12),
('AI世代高中生也能輕鬆搞懂的運算思維與演算法：使用Python','978-986-434-544-1.png', '978-986-434-544-1','這是一本結合運算思維與演算法的入門書籍，開章即簡介AI世代與運算思維之間連結的關鍵心法，並針對運算思維的基礎安排了生動有趣、又富挑戰的小試身手擬真試題，包括：<br/>  　　線上軟體通關密碼  以數字加密提高資訊安全  三分球比賽燈號記錄器  動物園巡邏最佳化路線  餐飲轉盤<br/> 繪圖機器人  將影像以字串編碼  電腦繪圖指令實作  炸彈超人遊戲  高雄愛河雷射字母秀','博碩',420,'2020/12/15',3),
('行動裝置深度學習','978-986-434-547-2.png', '978-986-434-547-2','●對於iOS和Android兩個平台的神經網路實踐均詳細描述<br/>●從結構到框架程式設計，從CPU到GPU程式設計皆一應俱全<br/> ●以程式碼實作為主線逐步講解，由淺入深，使讀者更容易應用到實際案例中','博碩',380,'2020/12/15',13),
('iOS App程式開發實務攻略：快速精通SwiftUI','978-986-434-478-9.png', '978-986-434-478-9','使用Xcode 12 & iOS 14 & Swift 5.X開發<br/>聰明運用SwiftUI和Combine框架開發iOS App<br/> 快速強化iOS App開發的實務應用能力','博碩',680,'2020/12/04',26),
('Photoshop x Illustrator前進平面設計的世界【暢銷回饋版】','978-986-434-542-7.png', '978-986-434-542-7','將專業與實用的設計原則付諸於實踐，<br/>探尋作品中那些讓人沉迷的設計元素。<br/> 9大類不同的設計屬性與38例作品風格，','博碩',450,'2020/11/30',19),
('金融人才×機器學習聯手出擊：專為FinTech領域打造的機器學習指南','978-986-434-538-0.png', '978-986-434-538-0','一本專為金融專業人士編寫的機器學習指南！對於所有從事金融資料分析的讀者來說，機器學習將是一門如虎添翼的技術。本書介紹許多新穎的、進階的機器學習模型，並示範如何將它們應用於金融產業（包括保險、交易和貸款）。本書亦詳細解說機器學習背後的觀念和演算法，著重於金融應用，提供豐富詳盡的Python程式碼範例。<br/>  　　本書展示機器學習在結構化資料、文字、影像及時間序列上的工作方式，並深度探討眾多關鍵的機器學習模型，從簡單迴歸到高階神經網路，還有GAN、強化學習、對抗偏見、貝氏推論和機率規劃等內容。<br/>   　　本書範圍廣泛，但方法卻深入且實用。如果你在FinTech領域工作，或想投入FinTech領域，並希望獲得當今領域最有價值的技術之一，本書就是為你而準備的！','博碩',690,'2020/11/30',4),
('JavaScript 精選16堂課：網頁程式設計實作【暢銷回饋版】','978-986-434-545-8.png', '978-986-434-545-8','JavaScript遵循的ECMAScript標準在ECMAScript2015第六版 (簡稱ES6) 之後有了大幅變化，尤其在嚴謹變數宣告、語法優化、解構賦值及非同步技術都有令人驚艷的新功能。<br/><br/> 這本實用的書籍介紹大量ES6+語法，每一堂課循序漸進規劃明確且直覺的主題，以淺顯易懂的方式讓您了解艱澀難懂的關鍵概念，譬如：瀏覽器與JS引擎運作模式、DOM、CSSOM、RegExp、物件導向、作用域、迭代、閉包、原型鏈、解構賦值、事件循環與非同步……等重要觀念，透過範例實作，加強更多程式實戰經驗。','博碩',550,'2020/11/30',21),
('Arduino實作入門與專題應用','978-986-434-526-7.png', '978-986-434-526-7','建立自己的Arduino實驗平台，玩出自己的精彩創意及實作<br/><br/> [深入淺出]引導初學者以Uno做Arduino實驗及DIY最小硬體實驗板','博碩',550,'2020/11/30',16),
('WordPress＆網頁設計會遇到的100個問題','978-986-434-537-3.png', '978-986-434-537-3','本書特色<br/><br/> 集結了架設WP網站與網頁設計會遇到的100個實例Q&A','博碩',520,'2020/11/30',3),
('Excel VBA 職場高效應用實例','978-986-434-541-0.png', '978-986-434-541-0','本書特色<br/><br/> 本書適合有一定Excel 操作基礎且想更進一步提高工作效率的讀者閱讀，並提供陣列、字典等高級應用，可拓展讀者的知識面及強化Excel VBA的實戰操作技能。','博碩',500,'2020/11/27',8),
('在React生態圈打滾的一年feat.TypeScript（iT邦幫忙鐵人賽系列書）','978-986-434-533-5.png', '978-986-434-533-5','一本記載了關於React開發生態圈的技術書籍<br/>不只說明應該下載哪些工具以及如何使用，更要你了解為何需要它<br/>   　　◎清楚表達每個步驟或重點程式碼背後的意義','博碩',550,'2020/11/11',30),
('Python純文字冒險遊戲程式設計','978-986-434-534-2.png', '978-986-434-534-2','‧本書使用Python語言來建立自己的文字冒險遊戲。<br/>  　　‧透過說故事的方式，用直覺的方式學會Python語言。<br/>   　　‧學習Python成為一種遊戲，讓你輕鬆學會。','博碩',550,'2020/11/10',28),
('乙級電腦軟體應用術科高效率解題技巧(使用Excel 2016 + Word 2016 - Dataset 3)(最新版)(附學科MOSME、術科學評系統)','978-986-523-126-2.png', '978-986-523-126-2','1.依勞動部勞動力發展署技能檢定中心，110/01/01起報檢者適用。<br/>2.顛覆傳統解題方式，不用Access也能做資料關聯圖！(使用Excel解題）<br/> 3.圖像式解題概念，不用死背關鍵數據！','台科大',500,'2020/11/06',9),
('Scratch 3.0動畫遊戲設計','978-986-434-528-1.png', '978-986-434-528-1','培養程式邏輯訓練，在玩樂中學習<br/>體驗Scratch 3.0互動式創意遊戲開發<br/> ','博碩',520,'2020/10/30',16),
('IG不NG從興趣出發創造幸福又賺錢的網紅雙贏人生','978-986-434-523-6.png', '978-986-434-523-6','你有想過，IG除了讓你分享相片影片來記錄生活，<br/>也能你讓你產生收入，進而成為社群平台焦點嗎？<br/>   　　藉由作者的成功實例經驗分享，依循作者的腳步，就算是一般人','博碩',450,'2020/10/26',19),
('Python機器學習第三版（下）','978-986-434-519-9.png', '978-986-434-519-9','第三版－最新修訂版，新增TensorFlow 2、GAN和強化學習等實用內容<br/>使用Python的scikit-learn和TensorFlow 2融會貫通機器學習與深度學習<br/>   　　循序漸進、由淺入深，好評熱銷再進化！最新修訂的《Python機器學習第三版》是一本不容錯過的全方位指南，也是讀者在建立機器學習系統時的必備參考。有別於其他機器學習教科書，本書使用Python探求機器學習和深度學習的技術精髓，強調豐富實用的程式範例、條理分明的數學解釋，以及直覺友善的圖解說明，帶領讀者探索機器學習的眾多子領域，讓艱澀的概念栩栩如生。','博碩',520,'2020/10/06',27),
('ThinkPad使用大全：商用筆電王者完全解析','978-957-437-937-8.png', '978-957-437-937-8','全球百科級ThinkPad專書，搞懂商用筆電王者，一本就通！<br/><br/> ◎取材自歷次參訪ThinkPad日本研發中心（Yamato Lab），詳細揭露ThinkPad三大硬體特色與設計哲學。','李河漢',800,'2020/10/01',3),
('資料科學的良器：R語言在開放資料、管理數學與作業管理的應用','978-986-434-517-5.png', '978-986-434-517-5','從幾年前開始教管理數學時，發現在教學上，花太多時間在計算上，勾起以前學習數學、統計以及多變數分析時的挫折。同樣的經驗 也出現在教作業管理，有關流程分析或解學習曲線、品質管理的管制圖上；心想若能輔以 R 語言的語法或操作，在瞭解原理後，將複雜的計算交給 R 語言，也會提升學習的效果；利用 R 語言可以省掉這些相對是細微末節的計算，專注在理解問題的本質、有效的定義問題以及解決問題的方式，這應該也是「博雅教育」(Liberal arts)的本質吧！<br/>  　　R 語言因為具有簡單、互動、有趣特色，讓使用者在學習的過程可以達到這個效果。可以扮演「寫程式」的能力的第一哩路，甚至在資料分析、圖形呈現的最後一哩路。<br/>   　　第一篇介紹 R 語言概論，但是跟同類的書籍處理上不一樣，因為我們試圖重點放在解決管理領域的問題，所以把第一章擺在附錄；第二篇探討巨量資料、開放資料與 R 語言；第三篇探討 R 語言在管理數學的應用。第四篇探討 R 語言在作業管理的應用。','博碩',420,'2020/09/07',18),
('丙級電腦硬體裝修學術科通關寶典(含資訊類及技能檢定共同學科)使用Windows 10 + Ubuntu 18附術科線上多媒體教學 最新版(第十六版) 附MOSME行動學習一點通','978-986-523-112-5.png', '978-986-523-112-5','1.依據勞動部最新公告學術科試題編寫。<br/>2.學科試題細分工作項目與自我診斷，提升學習效果。<br/> 3.術科解題說明圖形化：「以相關知識」、「題目規定」及「作法策略」導引該操作項目的目標及作法，並以實際操作畫面逐步（step by step）交代題解過程。','台科大',430,'2020/09/02',6),
('電腦軟體應用丙級技能檢定：學科+共同科目試題解析(109年完整版) (第二版) 109.07.01起報檢者適用','978-986-434-515-1.png', '978-986-434-515-1','本書主要內容依據勞動部勞動力發展署技能檢定中心最新公佈之電腦軟體應用丙級學科+共同科目試題進行解析，每題均逐一分類且完整解說，方便應檢人記憶與學習。特色如下：<br/>  　　◆收錄公佈之學科單選題目共767題，工作項目包含電腦概論、應用軟體使用、系統軟體使用、資訊安全。<br/>   　　◆收錄公佈之共同科目題目共519題，工作項目包含90006職業安全衛生、90007工作倫理與職業道德、90008環境保護、90009節能減碳、90011資訊相關職類共用。','博碩',120,'2020/09/01',1),
('電腦軟體應用丙級技能檢定：術科解題實作(109年試題完整版)(第二版)(109.07.01起報檢者適用)','978-986-434-514-4.png', '978-986-434-514-4','以勞動部勞動力發展署技能檢定中心最新公佈試題為標準－109.07.01起報檢者適用<br/><br/> 本書主要為術科解題實作，從「解題通則」介紹開始，接著以題組1～15分別依照勞動部勞動力發展署技能檢定中心所公佈之電腦軟體丙級檢定的術科測驗應檢考題，加以敘述講解，使應檢人能夠依題完成檢定要求的所有步驟，順利取得專業證照。特色如下：','博碩',390,'2020/09/01',25),
('遊戲設計與電競運動概論','978-986-434-512-0.png', '978-986-434-512-0','從產業經濟面的發展趨勢來分析，遊戲產業近年來的表現相當亮眼，市場規模足以和影視娛樂產業並驅。其中的電子競技遊戲更是風靡全球，全新的娛樂型態讓每個遊戲都有死忠鐵粉，無不好奇競相加入，然而玩家們必須要知道的前提是，遊戲本身才是電競賽事的真正靈魂，即使是戰功彪炳的電競高手，除了快手和快腦外，若能洞悉遊戲中各式複雜的關卡與眉角間的設計，必定能如虎添翼地增加打怪過關的勝率。<br/>  　　這是一本提供入門者進入遊戲設計與電競領域的實用教材，內容理論與實務並重，章節編排除了介紹遊戲開發過程中的各種工具，及許多開發成品的展示外，還包含從遊戲類型到產業的說明、遊戲設計鋪陳方式解析、遊戲開發工具、2D、3D、數學、物理現象模擬、遊戲團隊組成藍圖…等主題，這次改版也將電競導論及工具納入，並探討大數據與遊戲行銷關聯性等議題。<br/>   本書特色','博碩',450,'2020/08/31',7),
('PHP動態網站系統開發與Laravel框架運用','978-986-434-509-0.png', '978-986-434-509-0','這是一本專為初學者所設計的PHP網頁程式設計與Laravel框架開發網頁程式的入門書。全書結合多位作者在業界、學界豐富的開發與教學經驗，著重於教導讀者如何將自己的想法表達成程式邏輯，並實際應用到網站系統開發當中。本書將帶領讀者快速掌握網頁程式開發的熱門實用技術，例如：Javascript、RESTful API、網路通訊、Line API…等。此外，本書特別設計語法、指令與範例同步講解的學習方式，使讀者更能了解實務上語法及指令的使用技巧。<br/>  　　有鑑於容器化在軟體開發上漸漸普及，本書將教導讀者使用虛擬化容器技術建置會員管理系統，分享如何將開發的網頁程式容器化，並且部署至Docker環境的實用技術。<br/>   　　★單元介紹★','博碩',430,'2020/08/15',10),
('零基礎寫程式：設計商品頁面、嵌入YT影片或Google地圖、FB貼文廣告、發電子報……沒學過程式的你，照樣能談加薪賺外快。','978-957-965-493-7.png', '978-957-965-493-7','◎公司要做簡單的商品介紹頁面，但外包太貴，最好自己動手。<br/>◎網拍商品，設計FB貼文廣告、IG限時動態問卷，沒有基礎的文科生照樣能搞定。<br/> ◎YouTube影片怎麼嵌入網頁？怎樣才能在網頁放Google地圖？','大是文化',279,'2020/07/28',10),
('Visual C# 2019全面攻略：從程式新人到開發設計的快速學習','978-986-434-505-2.png', '978-986-434-505-2','編寫本書的主要目的是為了讓初學者快速進入C#程式設計的殿堂，透過書中精挑細選的範例程式學習程式設計技巧，養成初學者具有紮實和獨立程式設計能力，訓練初學者使用C#開發視窗、多媒體、資料庫與ASP.NET MVC應用程式，本書內容由淺入深涵蓋如下：<br/><br/> ▌主控台應用程式','博碩',460,'2020/07/23',11),
('電競選手：8堂一點就通的基礎活用課','978-986-434-503-8.png', '978-986-434-503-8','當二十一世紀來臨時，遊戲已經是現代人日常生活中成為家庭休閒娛樂的最新選擇，甚至於帶動全球新世代最閃亮的電競產業（e-spors）的蓬勃發展。電子競技近年來風靡全球，正帶來全新的娛樂型態，專業電競手的身價更是水漲船高，年薪甚至超越知名影星。本書涵蓋了遊戲設計與電競運動的最重要黃金入門課程，以最專業與深入淺出的內容，快速進入電競高手的領域。<br/><br/> ■透過遊戲設計精華、熱門遊戲類型、電競賽事與活動等領域學習電競課程。','博碩',240,'2020/07/10',26),
('NLP工程師養成術：自然語言處理入門','978-986-434-501-4.png', '978-986-434-501-4','不會艱深晦澀、不再高深莫測<br/>你一定能看懂的自然語言處理入門書！<br/> ','博碩',690,'2020/07/07',6),
('運算思維修習學堂：使用C++的8堂入門程式課','978-986-434-494-9.png', '978-986-434-494-9','學習寫程式已經是和語文、數學、藝術一樣的基礎能力，過程中將可培養解決問題、分析、歸納、創新、勇於嘗試錯誤等能力。本書以程式初學者的角度出發，規劃了結合運算思維與演算法基本觀念的內容，運用目前主流程式語言之一的C++語言來一步步引導入門者學會程式設計，以及加強邏輯訓練。<br/>  　　本書精要地說明了C++語言的相關語法，提供包括觀念及程式除錯的各式題目，方便快速進入C++語言程式設計的領域。此外，也納入APCS（Advanced Placement Computer Science）「大學程式設計先修檢測」的考試重點，精選歷年的程式設計觀念題，以運算思維、問題解決與設計概念測試為主，藉以印證各主題的學習成效。<br/>   　　本書相當適合高中職學校用以教導程式語言的教材，或初次學習C++語言的入門自學者。同時為了方便初學者機上實作，亦提供可在整合開發環境下正確編譯與執行的範例程式碼檔。','博碩',260,'2020/06/30',25),
('運算思維修習學堂：使用C語言的10堂入門程式課','978-986-434-493-2.png', '978-986-434-493-2','學習寫程式已經是和語文、數學、藝術一樣的基礎能力，過程中將可培養解決問題、分析、歸納、創新、勇於嘗試錯誤等能力。本書以程式初學者的角度出發，規劃了結合運算思維與演算法基本觀念的內容，運用目前主流程式語言之一的C語言來一步步引導入門者學會程式設計，以及加強邏輯訓練。<br/>  　　本書精要地說明了C語言的相關語法，提供包括觀念及程式除錯的各式題目，方便快速進入C語言程式設計的領域。同時納入APCS（Advanced Placement Computer Science）「大學程式設計先修檢測」的考試重點，收錄歷年的程式設計觀念題，以運算思維、問題解決與設計概念測試為主，藉以印證各主題的學習成效。<br/>   　　本書相當適合高中職學校用以教導程式語言的教材，或初次學習C語言的入門自學者。同時為了方便初學者機上實作，亦提供可在整合開發環境下正確編譯與執行的範例程式碼檔。','博碩',280,'2020/06/30',2),
('EXCEL2016商務應用：8堂一點就通的基礎活用課','978-986-434-497-0.png', '978-986-434-497-0','本書以各種商務使用上的範例為主，循序漸進介紹Excel 2016的各種應用功能，範例的內容包括：業務績效、員工出勤考績、人事薪資、財務會計報表、個人投資理財等，皆可透過本書取得應用，讓你踏入職場率先成為EXCEL達人。<br/><br/> ■透過人事管理、財務會計、個人金融三大主題，運用實際的範例來學習Excel 2016的各項功能。','博碩',280,'2020/06/19',25),
('你也能做出Google：用Elasticsearch搭建叢集搜索引擎','978-986-550-135-8.png', '978-986-550-135-8','本書重點<br/>全書分三大部分，包括Elasticsearch前傳、實戰和生態，讓你先打好基礎<br/> 接下來進行實作，並且能熟練Elasticsearch的第三方好用外掛程式','深智數位',780,'2020/06/19',30),
('Office2016商務應用：8堂一點就通的基礎活用課','978-986-434-495-6.png', '978-986-434-495-6','專業文件表單＋靈活數字分析＋完美簡報呈現<br/>一本讓您輕鬆成為Office達人的商務實戰祕笈！<br/>   　　本書深入淺出的說明Office辦公室軟體在不同主題下所使用的方法與技巧，輔以大量商務範例來實作說明，簡化學習的過程，並且透過專業文件表單、靈活的數字分析能力搭配完美的簡報呈現，讓您快速學習、輕鬆成為Office達人！','博碩',280,'2020/06/11',9),
('Abaqus 實務攻略：入門必備','978-986-988-540-9.png', '978-986-988-540-9','2020年最詳盡的新版Abaqus實用指南！<br/>  　　◎Abaqus最新版本詳細介紹及使用說明，最新資訊絕不落下。<br/> ◎前NASA資深研究工程師、國立大學土木系教授聯合推薦。','士盟科技',650,'2020/06/01',30),
('運算思維修習學堂：使用Python的10堂入門程式課','978-986-434-491-8.png', '978-986-434-491-8','學習寫程式已經是和語文、數學、藝術一樣的基礎能力，過程中將可培養解決問題、分析、歸納、創新、勇於嘗試錯誤等能力。本書以程式初學者的角度出發，規劃了結合運算思維與演算法基本觀念的內容，運用目前主流程式語言之一的Python來一步步引導入門者學會程式設計，以及加強邏輯訓練。<br/>  　　Python是一種執行效率不錯，且有強大跨平台特點，可在大多數平台上使用的語言。更棒的是，Python所具備的物件導向特性，常用在資料解析、資料探勘、資料科學工作中，包括網頁設計、App設計、遊戲設計、自動控制、生物科技、大數據等領域，搭配第三方套件及開發工具，可輕鬆完成程式設計開發工作。<br/>   　　本書相當適合學生或第一次學習程式者，可用以進入修習程式設計的世界，同時為了方便初學者機上實作，亦提供可在Python開發環境下正確編譯與執行的範例程式碼檔。','博碩',280,'2020/05/30',4),
('APCS大學程式設計先修檢測：C++超效解題致勝祕笈','978-986-434-485-7.png', '978-986-434-485-7','搶進名校資訊類學系的最佳武器！<br/><br/> ◎以C++語言的運算思維與演算邏輯解析APCS公告試題','博碩',270,'2020/05/22',9),
('Laravel之外的MVC架構選擇：用ThinkPHP聰明開發PHP專業網站','978-986-550-129-7.png', '978-986-550-129-7','本書特色<br/><br/> 透過實際專案講解ThinkPHP 5資料驗證、偵錯、部署和快取等實用技術','深智數位',650,'2020/05/20',5),
('Windows駭客程式設計：勒索病毒原理篇 (第二冊)','978-986-434-488-8.png', '978-986-434-488-8','要寫出一個勒索病毒，需要多強的程式功力？相信大家的心裡已浮現出技術高強的駭客身影。<br/>  　　然而，當這個模擬勒索程式完成後，撇開永恆之藍等漏洞的使用，我們赫然發現，裡面所使用的程式知識，卻沒有想像中非常地高深，或是遙不可及。<br/>   　　基本的記憶體管理、目錄和檔案處理、較為進階的加密知識、基礎資料結構，行程與執行緒、同步問題、網路通訊，還有Windows圖型介面，其中還包括文字字型、Edit、RichEdit、ComboBox、ListBox、ProgressBar等元件使用，資源的使用，計時器、剪貼簿等運用……幾乎是學習Windows程式所有需要的基本知識，都涵括在內了。','博碩',690,'2020/05/20',14),
('Excel職場函數468招【第二版】：超完整！新人工作就要用到的計算函數+公式範例集','471-770-210-071-1.png', '471-770-210-071-1','職場函數經典暢銷全新封面改版第二版！ <br/>內容涵蓋財務、人事、業務、銷售、倉儲、教育等行業的實例為主，以函數語法剖析為輔，示範468個函數的實用範例。<br/> ◎本書範例及電子書可於每章起始頁右上方下載位址找到網址；提醒您，僅需於下載一次，即可擁有所有範例及電子書。','PCuSER電腦人文化',450,'2020/05/14',24),
('Rhinoceros 3D 造型建模實務','978-986-985-313-2.png', '978-986-985-313-2','第一本從零開始的專業Rhino 3D 教學書籍，讓您一步步跟著走一定學會！<br/><br/> Rhino 3D教材由國立聯合大學建築學系 D&A Lab 實驗室編撰完成，內容編寫經由課堂授課經驗累積，實際了解學生學習 3D 建模與參數化設計軟體之盲點後編寫而成，是一本完全針對想學好 3D 參數化建模軟體卻完全零基礎的學生而設計的手把手教材內容，內容經由詳細的指令說明，一圖一步驟整本全彩印刷的方式進行教學，讓學生獨力即可按照步驟一步步完全自學成功，三百多頁的全彩教材內容由淺入深同時加上案例實戰，讓您零基礎輕鬆學會參數化建模設計，毫無懸念！','聯合大學建築系D&A Lab',880,'2020/05/01',3),
('Grasshopper 可調式參數化 3D 造型設計','978-986-985-314-9.png', '978-986-985-314-9','第一本從零開始的Grasshopper 3D專業建模教學書籍，想學會參數化設計千萬不能錯過！<br/><br/> Grasshopper教材由國立聯合大學建築學系 D&A Lab 實驗室編撰完成，內容編寫經由課堂授課經驗累積，實際了解學生學習 3D 建模與參數化設計軟體之盲點後編寫而成，是一本完全針對想學好 3D 參數化建模軟體卻完全零基礎的學生而設計的手把手教材內容，內容經由詳細的指令說明，一圖一步驟整本全彩印刷的方式進行教學，讓學生獨力即可按照步驟一步步完全自學成功，四百多頁的全彩教材內容由淺入深同時加上案例實戰，讓您零基礎輕鬆學會參數化建模設計，毫無懸念！','聯合大學建築系D&A Lab',990,'2020/05/01',5),
('電腦軟體應用丙級技能檢定：學科+共同科目試題解析(109年完整版)','978-986-434-422-2.png', '978-986-434-422-2','本書主要內容依據勞動部勞動力發展署技能檢定中心最新公告之電腦軟體應用丙級學科試題進行解析，每題均逐一分類且完整解說，方便應檢人記憶與學習。特色如下：<br/><br/> ◆收錄公告之學科單選題目共775題，工作項目包含電腦概論、應用軟體使用、系統軟體使用、資訊安全。','博碩',120,'2019/08/27',2),
('Pandas資料分析實戰：使用Python進行高效能資料處理及分析','978-986-434-389-8.png', '978-986-434-389-8','掌握大數據資料處理與分析的必備套件：PANDAS<br/>全方位了解Pandas程式庫的特性，進行高效能資料處理及分析<br/> ','博碩',580,'2019/08/22',18),
('Google聯手IBM：Istio架構一統微服務世界','978-986-980-720-3.png', '978-986-980-720-3','在微服務浪潮的推動之下，微服務的治理成為新的技術熱點，從Linkerd提出Service Mesh（服務網格）概念開始，這一理念的幾個相關產品經過一番短暫較量，Google/IBM/Lyft合作推出的 Istio 系統成為目前服務網格技術的事實標準。<br/><br/> 本書圍繞Istio 對服務網格的概念、歷史和能力，以各種實例為基礎，試圖從基本概念開始，結合實際工作場景和企業試點採納步驟，進行易於上手和了解的說明，提供給讀者對這一新生系統一個相對完整的應用指南。','深智數位',520,'2019/08/12',17),
('秋聲教你玩Python：給挑戰者的修行之路','978-986-434-414-7.png', '978-986-434-414-7','輕鬆愉快的程式語言課開跑囉～～<br/><br/> 你是否還在擔心程式設計跟天書一樣難，也是否還在擔心程式設計這門必修課會修不過？還是說，你還在為閱讀傳統的Python教科書而燒腦中？別擔心，讓我們的秋聲老師來幫助你學習Python這門程式語言。','博碩',450,'2019/08/06',23),
('Oracle實戰寶典：故障排除與效能提升（上）（第二版）','978-986-434-415-4.png', '978-986-434-415-4','編輯推薦<br/><br/> 前端業務應用炙手可熱之日，便是優化後端資料庫效能之時。當此之際，身懷資料庫優化絕技，可以讓你平步職場，傲視群英。','博碩',620,'2019/08/02',29),
('資訊社會必修的12堂Python通識課','978-986-434-412-3.png', '978-986-434-412-3','隨著資訊技術的快速發展，程式設計能力儼然已成為現代人加強自身競爭力的重要關鍵能力之一，在這麼多的程式語言中，Python因為易學好用功能強大，已成為最受多人想要學習的目標。然而想要學和真的學會在現實上有許多的落差，瞭解切身的需求並選擇合適的教材，才不會浪費寶貴的時間和精力。<br/><br/> 本書的主要目標是希望讓想要學習Python的非資訊主科中學生、大學生、或社會人士可以有一個快速入門的教材，透過本書的12堂課內容，讀者們將會習得以下的內容以及實用範例：','博碩',400,'2019/07/31',23),
('掌握Java SE11程式設計','978-986-434-410-9.png', '978-986-434-410-9','自從Oracle接手Java的發展之後，Java開始了天翻地覆的變化，加入了許多新功能，這些新功能都是為了跟上最新流行的程式語言與新型態的發布、維護架構。其中最重要的就是SE8的Lambda運算式與SE9的模組（module）。<br/><br/> 自SE9開始，Oracle就採取敏捷開發的精神，每半年就發布一個新版本，不過這些大多是非長期支援版本，新版本一旦發布，舊的非長期支援版本就無法下載JDK了。所以開發與學習的首選通常以長期支援版本為主。依據Oracle的規劃，長期支援版本會在三年左右的時間發布，其中，SE8與SE11都是長期支援版本（LTS），本書的改版政策也跟隨此政策，只會推出適用於長期支援版本的書籍。','博碩',500,'2019/07/31',14),
('跟我學Windows 10輕鬆學習x快速上手(加贈精選170頁電子書)','978-986-502-179-5.png', '978-986-502-179-5','【超值加贈：內容多達170頁的全彩PDF電子書】<br/>為了提供讀者更豐富的內容，作者特別將部分主題的詳細說明或較為進階的內容，製作成PDF電子書，讓您學習更加得心應手！<br/> ','碁峰',308,'2019/07/10',17),
('買氣紅不讓的Instagram視覺行銷：#用IG創造品牌我也會 #把IG粉絲經營變生意 #讓IG圖片說故事的拍照術(修訂版)','978-986-434-407-9.png', '978-986-434-407-9','透過Instagram行銷建立您的追蹤者，發展品牌業務並改變您的生活......<br/><br/> Facebook旗下的圖片式社群媒體Instagram無疑是現下最受年輕族群喜愛的社群平台，超過8億的用戶數顯示Instagram將是未來品牌經營的趨勢媒介。不同於FB以內容、文字為主，Instagram主打圖像，除了作為社交使用之外，也成為重要的行銷工具。但你知道怎麼使用Instagram行銷最有用嗎？本書將帶你從零開始初試IG的異想世界，了解Instagram對社群團體的重要性；逐步提供一看就懂的Instagram介面設定、操作、分享、回饋…等功能技巧，徹底實踐不用花大錢，小品牌也能利用IG痛快行銷；並時刻在書中介紹新世代會燒眼按讚、零秒買單的行銷關鍵心法。本書適用企業主、企業行銷窗口、品牌產品經理、品牌數位行銷專員、社群行銷者…等。','博碩',280,'2019/07/10',8),
('進入國中前一定要學的電腦程式先修課：第一本從程式原理教起的課輔讀物，及早培養孩子贏戰AI時代的核心能力','978-986-130-432-8.png', '978-986-130-432-8','當數位科技已是這世代孩子認識世界的方式，<br/>當「資訊科技」已正式列為學校必修科目，<br/> 做父母的你，別讓孩子輸在起跑點！','美藝學苑社',320,'2019/07/05',29),
('中文自然語言處理實戰：聊天機器人與深度學習整合應用','978-986-434-405-5.png', '978-986-434-405-5','本書為市面唯一完美結合中文自然語言處理與聊天機器人應用的專業書籍！<br/><br/> 本書特色','博碩',450,'2019/07/02',22),
('超實用！人資．行政．總務的辦公室EXCEL必備50招省時技(2016/2019)','978-986-434-402-4.png', '978-986-434-402-4','職人必備！省時、方便、立即應用<br/>8大類行政管理職場應用實例與50個超實用Excel操控技<br/> ','博碩',320,'2019/06/28',16),
('圖說演算法：使用C#','978-986-434-403-1.png', '978-986-434-403-1','理解零負擔‧採功能強大C#語言實作<br/><br/> 一本輕量級演算法','博碩',360,'2019/06/28',27),
('Java SE8 OCPJP進階認證指南','978-986-434-399-7.png', '978-986-434-399-7','★解析原廠文件，切合認證範圍！<br/>★對照範例程式，迅速了解內容！<br/> ★彙整教學經驗，重點一次掌握！','博碩',550,'2019/06/19',29),
('業績翻倍！Facebook+Instagram超強雙效集客行銷術：社群精準鎖定‧廣告強力曝光‧深度鐵粉經營‧觸及成效分析','978-986-434-393-5.png', '978-986-434-393-5','→社群媒體是行銷的現在和未來，如果想在競爭中領先，您可以從今天開始掌握Facebook與Instagram！←<br/><br/> 您想知道如何在Facebook和Instagram中擴展業務嗎？您想學習如何從22億的FB用戶和10億的IG用戶中，獲得更多潛在客戶嗎？本書將Facebook和Instagram必備行銷術分成13章介紹，包括：FB介面功能實作、粉專行銷特點、精準廣告投放、限時動態運用技巧、好用的#hashtag標籤、IGTV頻道...等，教你善用行動行銷，將客流從線上(Online)引至線下(Offline)實體通路，達到推動銷售及提升品牌的最佳效果。','博碩',350,'2019/06/10',19),
('Windows駭客程式設計：Windows Data Type精華篇','978-986-434-396-6.png', '978-986-434-396-6','專業駭客養成先修班，現在開課囉！<br/><br/> 如果要洞悉Windows系統就必須對Windows的程式設計有一定的認識，而其中Windows的資料型態，就是必須要了解的基礎知識之一。Windows的資料型態在本質上和C/C++相同，但在命名上有些不一樣。除了基本數值以及字元型態之外，Windows還多出更多系統資訊相關的型態，例如最常見的HANDLE。像這種由微軟自己定義的資料型態，就不會輕易受到外在的規格變動所影響。','博碩',580,'2019/05/31',25),
('The Queen’s Gambit','978-140-003-060-6.png', '978-140-003-060-6','影集【后翼棄兵】原著小說<br/><br/> Engaging and fast-paced, this gripping coming-of-age novel of chess, feminism, and addiction speeds to a conclusion as elegant and satisfying as a mate in four.','Vintage',560,'2003/03/11',9),
('The Silent Patient','978-125-076-248-1.png', '978-125-076-248-1','艾莉西亞(Alicia Berenson)的生活看似完美，她是一個知名的畫家，嫁給了時尚攝影師，住在地段不錯的豪宅中，一切都看似非常完美......直到一個晚上，艾莉西亞連開五槍射殺了丈夫，並且自此再也不說一句話。<br/><br/> 她的沉默和拒絕解釋，使人們的各種猜測甚囂塵上。犯罪心理學家西奧(Theo Faber)等了很長一段時間，才有機會接觸到艾莉西亞，他迫切希望能讓她開口，而讓艾莉西亞沉默的真相，遠比他想像的更深沉……(文/博客來編譯)','Celadon Books',315,'2019/12/10',11),
('The Midnight Library','978-052-555-947-4.png', '978-052-555-947-4','在生與死的交界處有座圖書館，裡面每本書都是一次重生的機會。<br/>如果有機會挽回遺憾，你是否會做不同的人生抉擇？<br/>   　　暢銷作品《活著的理由》、《時光邊緣的男人》作者麥特．海格，這次藉由一間異想天開的圖書館，讓人重新思索關於遺憾、希望，以及人生中真正重要的事。','Viking',910,'2020/09/29',16),
('Normal People','978-057-133-465-0.png', '978-057-133-465-0','THE NUMBER ONE SUNDAY TIMES BESTSELLER<br/><br/> WINNER OF THE COSTA NOVEL AWARD 2018','Faber & Faber',494,'2019/05/02',6),
('Anxious People','978-198-215-845-3.png', '978-198-215-845-3','紐約時報百萬暢銷作家－菲特烈．貝克曼全新小說作品<br/><br/> 一場銀行搶劫莫名其妙變成人質挾持事件，一處開放參觀的待售公寓莫名其妙變成犯罪地點，促成八個人的相遇','Atria Books',560,'2020/09/08',26),
('Interior Chinatown','978-030-794-847-2.png', '978-030-794-847-2','2020美國國家書卷獎得主<br/>  　　亞裔演員的悲歌，尋求認同的異鄉人，甩不掉的標籤，如影隨形。《如何在科幻世界中安全生活》的亞裔作家游朝凱（Charles Yu），新作依舊犀利。一如傑西鮑爾(Jesse Ball)，明顯的書寫風格，趣味與片段的敘事手法。<br/>   　　亞裔演員吳威斯(Willis Wu)，探索世界如何用既定印象綁架所有人。故事透過七場行動，來描繪吳威斯的輪廓。除了基因外，人生跟亞洲扯不上半點關係。穿梭在吳威斯的喃喃自語與他的工作內容，大膽傳神地演出二代移民的困境，近乎無鄉的獨白。','Vintage',560,'2020/11/17',16),
('Normal People','978-198-482-218-5.png', '978-198-482-218-5','康尼爾（Connell）與瑪麗安（Marianne）兩人從小在愛爾蘭的鄉村間長大，卻來自兩個不同的世界。康尼爾的媽媽在瑪麗安的家中打掃，正因為如此，每天下課他會去瑪麗安的家中找母親，再順道一起回家。日久生情，慢慢地，康尼爾認識了瑪麗安，理解她的頑固與樸質的性格，而朋友不多的瑪麗安也漸漸和康尼爾熟識。<br/>  　　兩小無猜的愛情在進入大學以後變了調。在都柏林聖三一學院裡，階級的問題浮現了。瑪麗安越來越受歡迎，康尼爾則面對更多棘手的問題。這不僅僅是部愛情小說，莎莉．魯尼（Sally Rooney）的第二本小說為讀者開拓更深層的視野；透過主角，我們在征服與特權中、階級與種族間，載浮載沉。<br/>   　　作者莎莉．魯尼不到三十歲便出版了兩本小說。從小生長於都柏林，文章散見於報章雜誌，Normal People 是她繼 Conversations With Friends 後又一力作，探詢年輕人成長過程所面臨的疑惑，青澀的故事下，包藏對青春的追憶。','Hogarth Press',595,'2020/02/18',24),
('Can You Keep a Secret?','978-044-024-190-4.png', '978-044-024-190-4','Meet Emma Corrigan, a young woman with a huge heart, an irrepressible spirit, and a few little secrets:<br/>Secrets from her boyfriend: I’ve always thought Connor looks a bit like Ken. As in Barbie and Ken.<br/> Secrets from her mother: I lost my virginity in the spare bedroom with Danny Nussbaum while Mum and Dad were downstairs watching Ben-Hur.','Random House',280,'2005/12/01',1),
('The Alchemist：A Fable About Following Your Dream','978-006-235-530-0.png', '978-006-235-530-0','故事敘述一位西班牙安達魯西亞地區的牧羊男孩追尋夢想，前往金字塔的歷程。男孩因渴望認識世界、四處旅行而中斷修道院的學習生涯，開始牧羊的生活。牧羊少年因緣際會遇見了「塞勒姆國王」、非洲的水晶商人、前往綠洲的駱駝商隊…。 歷經種種考驗與數種發展另種生涯的可能，少年仍憑著毅力、熱情與堅持，不管是繞多少路，作多少調整，仍未忘卻自己的初衷，朝向夢想前行。','Harper Collins USA',315,'2014/04/15',27),
('The Handmaid’’s Tale and the Testaments Box Set','978-059-331-164-6.png', '978-059-331-164-6','Margaret Atwood, whose work has been published in more than forty-five countries, is the author of more than fifty books of fiction, poetry, critical essays, and graphic novels. In addition to The Handmaid’s Tale, now an award-winning TV series, her novels include Cat’s Eye, short-listed for the 1989 Booker Prize; Alias Grace, which won the Giller Prize in Canada and the Premio Mondello in Italy; The Blind Assassin, winner of the 2000 Booker Prize; Oryx and Crake, short-listed for the 2003 Man Booker Prize; The Year of the Flood; MaddAddam; and Hag-Seed. She is the recipient of numerous awards, including the Peace Prize of the German Book Trade, the Franz Kafka Prize, the PEN Center USA Lifetime Achievement Award, and the Los Angeles Times Innovator’s Award. In 2019, she was made a member of the Order of the Companions of Honour for services to literature.','Anchor Books',1152,'2020/11/03',11),
('Ready Player Two','978-059-335-634-0.png', '978-059-335-634-0','The highly anticipated sequel to the beloved worldwide bestseller Ready Player One, the “ridiculously fun and large-hearted” (NPR) near-future adventure that inspired the blockbuster Steven Spielberg film.<br/>  　　Praise for Ready Player One<br/>   　　“Enchanting . . . Willy Wonka meets The Matrix.”—USA Today','Ballantine Books',630,'2020/11/24',2),
('1984','978-045-152-493-5.png', '978-045-152-493-5',' 反烏托邦小說經典之作<br/><br/>  與《我們》、《美麗新世界》並列為三大反烏托邦小說','Signet Book',350,'1990/05/01',5),
('This Book Will Make You Kinder: An Empathy Handbook','978-014-313-559-3.png', '978-014-313-559-3','IG網紅畫家Henry James Garrett 用溫暖的動插畫像為社會發聲<br/>他的插畫圈粉無數，連梅根王妃看了都樂不可支！<br/> ','Penguin Books',700,'2020/10/20',22),
('City of Girls','978-159-463-474-1.png', '978-159-463-474-1','《享受吧！一個人的旅行》伊莉莎白．吉兒伯特最新長篇小說<br/>  　　Oprah.com、Cosmopolitan、出版人週刊、柯克斯書評、書單雜誌一致讚譽，2019年最受期待的作品之一！<br/>   　　曾經有人冷眼斷言，她永遠不可能成為一個有趣、特出的人。幸好他們都錯了。','Riverhead Books',595,'2020/04/07',11),
('Where the Crawdads Sing','978-059-308-585-1.png', '978-059-308-585-1','《享受吧！一個人的旅行》伊莉莎白．吉兒伯特最新長篇小說<br/>  　　Oprah.com、Cosmopolitan、出版人週刊、柯克斯書評、書單雜誌一致讚譽，2019年最受期待的作品之一！<br/>   　　曾經有人冷眼斷言，她永遠不可能成為一個有趣、特出的人。幸好他們都錯了。','G.P. Putnam’s Sons',403,'2020/01/07',14),
('The Great Gatsby','978-198-214-670-2.png', '978-198-214-670-2','《享受吧！一個人的旅行》伊莉莎白．吉兒伯特最新長篇小說<br/>  　　Oprah.com、Cosmopolitan、出版人週刊、柯克斯書評、書單雜誌一致讚譽，2019年最受期待的作品之一！<br/>   　　曾經有人冷眼斷言，她永遠不可能成為一個有趣、特出的人。幸好他們都錯了。','Pocket Books',245,'2020/11/17',5),
('The Invisible Life of Addie LaRue','978-125-078-453-7.png', '978-125-078-453-7','一個無法令人遺忘的故事，來自一個世上沒有人記得的主角<br/>「永遠不要在日落後，對著黑暗祈禱。」請銘記在心…<br/>   　　1714年法國某處，一個年輕女子為逃避一場婚禮，絕望地對著上蒼祈禱。為了自由，Addie LaRue與屬於黑暗的魔鬼做了交易，她將擁有自由與永生，隨之而來的代價，則是她將永遠被世人遺忘。','Tor Books',630,'2020/10/06',6),
('A Dog’s Purpose','978-076-538-810-0.png', '978-076-538-810-0',' 《為了與你相遇》感人電影原著小說！<br/><br/> ','Forge',350,'2016/12/06',1),
('Call Me by Your Name (Movie Tie-in)','978-178-649-525-9.png', '978-178-649-525-9','『這個世界再無祕密。愛上你就是我唯一的祕密，而我只願與你分享。』<br/><br/> 怎麼樣的渴望，能如此灼燒靈魂；怎麼樣的思念，能刺痛每一根神經末稍，','Atlantic',440,'2017/09/21',8),
('Love Your Life','978-059-324-147-9.png', '978-059-324-147-9',"From the #1 New York Times bestselling author of I Owe You One, an utterly delightful novel about a woman who ditches her dating app for a writer's retreat in Italy—only to find that real love comes with its own filters<br/><br/> Call Ava romantic, but she thinks love should be found in the real world, not on apps that filter men by height, job, or astrological sign. She believes in feelings, not algorithms. So after a recent breakup and dating app debacle, she decides to put love on hold and escapes to a remote writers’ retreat in coastal Italy. She’s determined to finish writing the novel she's been fantasizing about, even though it means leaving her close-knit group of friends and her precious dog, Harold, behind.",'The Dial Press',595,'2020/10/27',5),
('日本人就是這樣學平面設計：極簡留白｜漫畫動感｜情報滿載｜魔鬼細節……的85黃金法則','978-957-907-280-9.png', '978-957-907-280-9','如何做出Japan Design，打動人心的日系風格好設計？<br/><br/> ——日本設計學院教科書——','原點',450,'2020/11/04',3),
('好設計，會說話：好設計的6步創作流程X設計師的6大必備工具X設計元素的4堂解剖課','978-986-552-021-2.png', '978-986-552-021-2','設計方案為什麼不被認可，提案的時候總是比輸人？<br/>設計不是漂亮就好，會「說話」的設計才是「好」設計！<br/> ','邦聯文化',450,'2020/11/02',17),
('版面研究所心動版面學：53個讓女人下單的設計關鍵！','978-957-658-423-7.png', '978-957-658-423-7','第一本教你成功擄獲女性眼球的版面設計！<br/>53個讓女人下單的設計關鍵！<br/>  ','三采',294,'2020/10/30',15),
('平面設計研究室：100個傳單、海報精選範例詳解','978-986-511-485-5.png', '978-986-511-485-5','現在是個最能體現「傳單（flyer）」意義的時代。<br/>把宣傳單放置或張貼在各個地方，<br/> 資訊就會「飛也似的」立刻透過網站或社群媒體「傳」出去。','台灣東販',560,'2020/09/28',14),
('給設計的你：帶你窺見設計的完整輪廓（好評精典版）','978-986-379-802-6.png', '978-986-379-802-6','DVD/書附超值光碟<br/><br/> 在本書納入前端的發想、企劃與手稿繪製。','佳魁資訊',520,'2020/09/25',10),
('這樣你看得懂嗎？讓你秒懂的資訊設計 O 與 X： 平面設計、商業簡報、社群小編都要會的資訊傳達術','978-986-312-630-0.png', '978-986-312-630-0','最好懂的「OX 系列設計書」又來啦！<br/>A 案、B 案，哪個比較好？<br/> 透過簡單的「O 與 X」比對圖，','旗標',450,'2020/07/21',21),
('版面研究所：45個設計訣竅，讓提案一次通過！','978-957-658-305-6.png', '978-957-658-305-6','設計的構成，版面很重要！<br/>懂變化！才能跳脫設計束縛！<br/>   　　｛擺脫不會呼吸的排版｝','三采',380,'2020/02/27',12),
('版型研究室：學會平面設計中難懂的數學題＆美學邏輯，最基礎的版型理論','978-957-907-254-0.png', '978-957-907-254-0','最基礎的版型理論<br/>美國學平面設計，從讀這本開始<br/> 好設計，背後都有強大的「基礎原則」','原點',315,'2019/09/23',4),
('設計職人的養成：實例示範╳技法解說╳實務教學，學會平面設計師的必備知識與技能，做出讓客戶滿意的好設計','978-986-933-408-2.png', '978-986-933-408-2','★日本知名商業設計師尾澤早飛，最新暢銷力作<br/>★一本提升「專業設計力」＆「職場實務力」的平面設計師實戰手冊<br/> ★從書籍、雜誌、海報、文宣到唱片封面，各種類型的設計，看這本就夠！','紙印良品',337,'2019/08/23',20),
('藤田流插畫思考術：BRUTUS人氣插畫家教你圖像溝通、用視覺說故事，打造獨一無二的創意腦','978-986-489-356-0.png', '978-986-489-356-0','視覺化你的靈感，讓爆發的創意不再消逝<br/>任何主題都能轉化為秒懂的圖像語言<br/> ','漫遊者文化',297,'2019/08/14',15),
('一次就過的好設計：1主題「ABC」3款提案！5大設計原則＋7個設計祕訣＋90個實例，提案不再被打槍！','978-986-933-407-5.png', '978-986-933-407-5','▲日本知名設計師甲谷一的設計神書，帶你邁向設計大師之路！<br/>▲搭配90個業界實例示範，不論是美術展海報、時尚雜誌內頁或廣告傳單，一本搞定！<br/> ▲《怎樣設計不被打槍？》全新暢銷封面版','紙印良品',380,'2019/08/09',18),
('版式設計：讓版面更出色的視覺傳達基本功','978-957-847-273-0.png', '978-957-847-273-0','LAYOUT DESIGN<br/>FROM BEGINNER TO MASTER<br/> 模仿-->創造-->進化','邦聯文化',420,'2019/07/22',30),
('基本的基本：版面設計的基礎思維（增補修訂版）','978-986-408-493-7.png', '978-986-408-493-7','老是抓不到客戶的要求？<br/>無法認清版面中應該突顯的重點是什麼？<br/> 總是糾結要選用哪種字體？','麥浩斯',420,'2019/06/01',25),
('留白的設計美學：活用「留白」的版面配置設計教學本','978-957-847-264-8.png', '978-957-847-264-8','好設計的90%取決於「留白」。<br/>空白，是「創造」出來的！要留下空間，做成減法設計！<br/> ','邦聯文化',380,'2019/05/24',26),
('看廣告學設計：讓你按讚的廣告設計力','978-986-312-584-6.png', '978-986-312-584-6','【日本知名品牌廣告大集合！讓你手滑腦波弱、忍不住掏錢的厲害創意大解析！】<br/><br/> 日本的廣告創意一向引領亞洲各國，不斷推陳出新的 idea，加上文案、視覺、展示方式的完美搭配，經常在推出後引爆流行話題。世界各國的設計人都喜愛觀摩日本廣告，你是否也曾在日本街頭按下快門收集有趣的創意？這本書就幫大家做了完整的廣告案例收集與分析工作。','旗標',450,'2019/05/20',14),
('編排＆設計BOOK：設計人該會的基本功一次到位（暢銷版）（二版）','978-986-762-709-4.png', '978-986-762-709-4','編排設計最重要的，就是讓讀者「好讀」！<br/><br/> 無論版面看起來多漂亮，如果讓讀者看不下去，決不能稱之為好設計，對寫文章的作者更是失禮！好的設計不只讓讀者幾乎忘了設計的存在，更可以全神貫注於文章所描述的世界。','良品文化',480,'2019/05/07',5),
('設計師一定要懂的版面設計學：從豐富的範例中學習！不可不知的版面基礎知識','978-986-459-170-1.png', '978-986-459-170-1','繼暢銷書《設計師一定要懂的基礎印刷學》之後，<br/>日本最富創意的PIE BOOK編輯團隊以同樣的角色和簡單的對話，<br/> 拆解所有媒體版面背後的設計技巧。','積木',450,'2019/04/13',4),
('圖解LAYOUT：33 種版面設計圖解，新手也能學會！','978-986-312-583-9.png', '978-986-312-583-9','33 種基本 LAYOUT 圖解 × 平面設計案例解析，新手也能快速掌握版面設計！<br/><br/> 為什麼做出來的 LAYOUT 總是千篇一律、死氣沉沉？','旗標',450,'2019/04/03',18),
('日本平面設計美學：關鍵人事物、超譯過去與未來的理念與案例','978-957-907-240-3.png', '978-957-907-240-3','簡潔而不簡單──超譯過去與未來<br/>戰後四十年│巔峰十年│Wabi-Sabi│日本元素根源│21世紀案例解析<br/> 最簡明的日本平面設計史','原點',419,'2019/03/05',11),
('馬上開始科學化訓練！最強自主訓練套書：《用最正確的科學觀點1人健身》＋《想死不如健身！改變一生的超科學理由》','866-710-651-188-9.png', '866-710-651-188-9','馬上開始科學化訓練！<br/>──包含每一個訓練者都需要的「知識」與「動力」──<br/> ','一起來出版',830,'2020/11/25',2),
('新精油圖鑑+和孩子乘著香氣旅行【珍藏套書組】','471-770-210-934-9.png', '471-770-210-934-9','◆專業芳療課程指定經典X第一本親子芳療互動的專業指引◆<br/>溫佑君老師與肯園芳療師團隊<br/> 給期待嘗試精油、鑽研芳療的讀者最用心的鉅獻','商周出版',2050,'2020/11/02',11),
('小桌花小瓶花 隨手花藝設計：小角落‧小器皿，每天插插小花兒妝點生活','978-986-401-444-6.png', '978-986-401-444-6','今天的花藝是哪種心情？<br/>用唾手可得的生活器皿，妝點日常環境<br/> 隨手鮮花小型花藝技術指導','瑞昇',420,'2020/10/20',27),
('Carolina玩轉扭蛋紙機關：獨角獸篇+美人魚篇（雙書組首刷限量贈品版）','471-297-774-739-5.png', '471-297-774-739-5','雙書組首刷限量贈送「ACE新東英士丸筆」，<br/>可彩繪書內的空白心型盒、空白紙球（扭蛋），<br/> 也可沾水當作水彩筆使用，會有暈染漸層效果！','台灣商務',882,'2020/10/15',27),
('Carolina玩轉扭蛋紙機關：獨角獸篇+美人魚篇（雙書組）','471-297-774-805-7.png', '471-297-774-805-7','誰說扭蛋機都只能是大型機台？<br/>台灣紙藝家自行設計、全彩立體開模的扭蛋紙機關<br/> 不用放大縮小，也不用剪剪割割，直接撕下就可製作！','台灣商務',882,'2020/10/15',7),
('強肌健身訓練攻略：《健身新手重訓攻略》＋《強肌深蹲》【二合一鍛鍊套組】','471-297-774-709-8.png', '471-297-774-709-8','健身、增肌、重訓、深蹲，已成為熱門顯學，<br/>也是許多現代人的主要休閒活動，<br/> 該怎麼鍛鍊，才能達到效果？','采實文化',740,'2020/09/29',29),
('精油之書：帶著前世記憶的精油魔法師，幫你趕走病痛、事業順利、召來好桃花！','978-957-871-095-5.png', '978-957-871-095-5','擅長用精油強化氣場、改變命運的魔法師──瑪林老師<br/>來自神祉的啟發、傾聽他人的故事，<br/> 開運精油結合了節氣、風水與生肖的神秘力量。','大樂文化',320,'2020/09/28',28),
('Bling Bling自己動手做高質感飾品：UV膠的40種創意發想【加值限定版】','471-770-210-596-9.png', '471-770-210-596-9','超強企劃：台灣職人Sunny Liu Ｘ 日本品牌Resin Club　聯手合作！<br/>再版限量：贈送日本原裝進口UV專屬貼紙，樣式多元，超薄不易掉色，易造型！<br/> ','PCuSER電腦人文化',380,'2020/09/24',30),
('照明知-做-美全覽套書（共二冊）：照明+照明魔法','471-770-210-645-4.png', '471-770-210-645-4','照明對我們的生活影響不僅止於夜晚，而是24小時！<br/>燈光的表情，如同自然光，是隨不同場域、不同時間、不同用途，甚至是不同季節而改變，這就是生活的品味及樂趣。<br/> 精美圖片搭配圖解，詳細說明照明的基礎知識╳各式手法╳營造氛圍','易博士出版社',1200,'2020/09/17',30),
('出發台灣山林：新手也能走，從里山到深山的步道小旅行','978-986-289-530-6.png', '978-986-289-530-6','台灣是山之國度，超過260座3000公尺以上高山貫穿脊梁，300多條長長短短的步道羅織成網，刻寫島嶼的歷史脈絡，串連隨海拔高度改變的動植物。自古以來，山林就是生活的一部分，以雙腳閱讀台灣，看見台灣的美，翻開島嶼的立體故事。<br/>本書精選全台各地28條步道，帶領新手從淺山走進深山，包含都市近郊的自然綠地、與先民生活息息相關的里山古道、原住民族的傳統領域、以及適合初心者的百岳，由編輯部實地採訪，挖掘熱門路線的故事，探尋山野秘境的傳說。放下手機出發吧！走進山林，抬頭沐浴穿過葉縫的陽光，閉眼傾聽森林的聲音，大口呼吸空氣中的療癒清新，你也會瞬間愛上這道啟動五感的山野味。<br/>   【說走就走淺山行14+】','墨刻',294,'2020/09/05',1),
('單車‧部落‧縱貫線~不是最近，卻是最美的距離：21條路線穿越台灣南北原鄉，深遊190個部落祕境（增訂版）','978-986-289-532-0.png', '978-986-289-532-0','全世界都知道，Google街景車能夠為眾人拍下全世界的風景，但是隱藏在狹小巷弄內的特色景致，卻只能仰賴Google街景三輪車！<br/>同樣的，我們可以舒舒服服地駕駛休旅車，賞遊膾炙人口的名勝景點，但卻永遠深入不了被群山峻嶺隱匿的特色風情，<br/> 而Eddie踩踏的單車，就像是尋景探測車似的，以平面、垂直的騎乘路線，為我們尋找只有單車族才能看到的獨家風景。','墨刻',420,'2020/09/03',10),
('唐拔博士的養狗必修九堂課：掌握三個月黃金發展期，教出守規矩、伶俐可愛的好狗兒！','978-986-262-431-9.png', '978-986-262-431-9',' 人狗關係可以決定你的生活品質！<br/>想和愛犬共享美好時光，新手旺爸旺媽一定先修。<br/> ◎養狗前的第一本書，循序漸進，養出好狗並不難！','貓頭鷹',420,'2020/08/29',29),
('唐拔博士的狗狗訓練完全指南：不分犬種、狗齡與性情皆適用（狗界訓練教父20年長銷經典）','978-986-262-432-6.png', '978-986-262-432-6',' 老狗也可以學會新把戲？沒有教不好的狗，只要選對方法！<br/>◎所有犬種、不分狗齡皆適用<br/> ◎正向訓練法暢銷經典，狗界訓練教父長銷之作','貓頭鷹',420,'2020/08/29',9),
('唐拔博士長銷三十年狗狗訓練經典套書（唐拔博士的養狗必修九堂課+唐拔博士的狗狗訓練完全指南）','471-770-210-526-6.png', '471-770-210-526-6','養狗人士的訓狗寶典<br/>《唐拔博士的養狗必修九堂課》<br/> 人狗關係可以決定你的生活品質！','貓頭鷹',840,'2020/08/29',23),
('籃球之神與最接近神的男人（共2冊）','978-986-522-183-6.png', '978-986-522-183-6','同樣執著於勝利的個性，<br/>同樣嚴以律己的態度，<br/> 在籃球之神華麗的演出後，','五南',750,'2020/08/28',28),
('臺灣橡實家族海報','471-770-210-623-2.png', '471-770-210-623-2','臺灣橡實家族海報 Oak Family in Taiwan<br/>宮崎駿動畫《龍貓》中送給妹妹的一包橡實；<br/> 還有電影《冰原歷險記》裡鼠奎特一直瘋狂追逐的橡實，','麥浩斯',250,'2020/08/26',12),
('花木修剪實用全書：友善環境的自然式修剪實務操作寶典【2020年全新增訂版】','978-986-408-612-2.png', '978-986-408-612-2','為什麼要剪、該怎麼剪、詳解示範<br/>至少有5萬人已經認識與了解這項技術<br/> 一本從頭到尾都是技術菁華的自然式修剪實務操作寶典','麥浩斯',420,'2020/08/22',22),
('災難超前部署手冊：食物、照明、用水、環境、健康、安全、聯絡、社群，教你任何危難都能迎刃而解的40項應急技能！','978-986-553-407-3.png', '978-986-553-407-3','超實用！一定要會的防災指南！<br/>超完備！食衣住行育樂全攻略！<br/> 超安心！專家傳授該怎麼進行！','PCuSER電腦人文化',315,'2020/08/20',26),
('奇妙森林的不思議刺繡帖：白貓＆同伴的夜間散步','978-986-552-019-9.png', '978-986-552-019-9','新月的光芒含蓄地照耀天空，<br/>這是一個舒適漂浮著雲朵與星群，空氣清澈的夜晚。<br/> 悄悄從家中溜出來的小貓，','邦聯文化',350,'2020/08/17',4),
('夢想路上，遇見防彈與36位哲學家：無論你在生命的哪個階段，不管你認不認識BTS，都可以在本書找到築夢的勇氣、愛自己的力量！★隨書贈送BTS七位成員的個人哲學小卡（隨機2款）','978-986-979-056-7.png', '978-986-979-056-7','史上最強導師群！<br/>防彈少年團7人 ＋ 36位哲學家<br/> 也許你認識這43個人，也許你不完全認識，','三悅文化',320,'2019/10/21',11),
('真．愷玹','978-986-979-065-9.png', '978-986-979-065-9','蔡康永：在所有我相處過的、最美麗的人當中，<br/>曾愷玹最懂得珍惜已經得到的幸福，這是多麼美好的品質。<br/> ','平裝本',380,'2019/09/09',10),
('BTS 防彈少年團成長記錄_阻擋子彈版：看得見的是台上的耀眼光芒，看不見的是台下的汗淚交織。藉由前BBC撰稿人敏銳之眼，陪伴A.R.M.Y貼近BTS，一起參與這趟動容勵志的成長歷程。LOVE YOURSELF，LOVE BTS！（收錄精美彩照＋隨書搭贈明信片）','978-986-967-306-8.png', '978-986-967-306-8','BTS防彈少年團<br/>最有系統的完整成長記錄震撼上市！<br/> ','三悅文化',399,'2019/03/20',1),
('《9125 days about me》簡拉娜同名寫真書‧特典版','471-770-290-489-0.png', '471-770-290-489-0','特典版 = 寫真書簽名版 + Real Lana 秘密寫真別冊 + 珍藏海報 + Lana 拍立得照片（每本書僅此一張，絕不重複）<br/><br/> ‧《9125 days about me》簡拉娜同名寫真書-簽名版','PCuSER電腦人文化',680,'2018/10/20',24),
('I am NANA','978-986-962-364-3.png', '978-986-962-364-3','繼續勇敢，做一個厲害的人！<br/><br/> 生活不是等著暴風雨過去，','平裝本',420,'2018/06/19',6),
('一日三餐2：瑞精靈＆車珠媽的超好吃料理，美味更升級！','978-957-136-895-5.png', '978-957-136-895-5','《一日三餐》第2季華麗美食強勢回歸！<br/><br/> 專業料理研究所不藏私分享獨家美味祕訣，','時報出版',399,'2017/02/21',10),
('國際廚娘的終極導師：小S與芭娜娜的生活風格料理書','978-986-937-931-1.png', '978-986-937-931-1','●國際廚娘小S的10道靈魂料理X親筆手繪，真心大放送！<br/>●終極導師芭娜娜的80道療癒美食X異國饗宴，不藏私公開！<br/> ●隨書無料放送小S X芭娜娜料理示範影片QR code！','平裝本',315,'2016/11/01',7),
('創意是發現，不是發明：「兩天一夜」、「花漾爺爺」、「一日三餐」韓綜王牌製作人羅PD的創意成功學','978-986-929-117-0.png', '978-986-929-117-0','兩天一夜  花漾爺爺  一日三餐<br/>為什麼他製作的綜藝節目特別好看？<br/> 他的創意和故事力，如何打動人心？','平裝本',199,'2016/10/03',28),
('寶塚的經營美學：跨越百年的表演藝術生意經','978-986-603-188-5.png', '978-986-603-188-5','早於1914年就成立的寶塚歌劇團，<br/>以「素人神格化」創造出表演藝術的巨大成就。<br/> ','經濟新潮社',320,'2016/07/07',19),
('一日三餐：麵包王&車珠媽的完美料理再現！','978-957-136-606-7.png', '978-957-136-606-7','想咬一口李瑞鎮做的鬆軟麵包？想跟車勝元拜師學藝？<br/>不用再望著電視流口水，《一日三餐》的經典美味，你也可以親手做！<br/> ','時報出版',399,'2016/05/24',12),
('奧黛麗．赫本：甜蜜的日常，美味的記憶','978-986-235-502-2.png', '978-986-235-502-2','奧黛麗之子親撰，私房奧黛麗永久珍藏保存版<br/><br/> ★250張從未發表的私人家庭相片 × 50道奧黛麗人生中獨具意義的美食','臉譜',650,'2016/05/12',24),
('背對哈瓦那','978-986-213-640-9.png', '978-986-213-640-9','等待十六年，陳綺貞個人攝影集首次出版<br/>小說家張惠菁專文導讀<br/> 設計師王志弘精心設計裝禎','大塊文化',1500,'2015/10/29',28),
('最後一名的勇敢：我挑戰的不是喜馬拉雅山，而是自己','978-957-105-893-1.png', '978-957-105-893-1','「他們說，去日本爬富士山有好吃的拉麵、好喝的湯；<br/>他們說，去不丹爬山可以從這個五星級飯店爬到下一個五星級飯店，<br/> 很高興我的第一次爬山是在尼泊爾，','尖端',360,'2015/04/08',14),
('一張單程機票','978-986-272-200-8.png', '978-986-272-200-8','人生就是一張單程機票，你只能前進，沒有終點。<br/>二十年前，老天爺給了曹啟泰一個負債一億六千萬的大考驗。<br/> 他歷經低潮，充滿挫折，在台灣的演藝事業甚至一度停擺。','商周出版',320,'2012/07/01',7),
('流水年華鳳飛飛','978-986-213-150-3.png', '978-986-213-150-3','鳳飛飛乃是台灣的集體記憶，台灣通俗文化的一個象徵，一個獨特標誌。<br/>簡單的說，鳳飛飛就是一種台灣之聲。<br/> 十五歲初次登上舞台，至今鳳飛飛出道屆滿四十一年，而仍然活躍於舞台，創下華語歌壇無人能及的紀錄。','大塊文化',300,'2009/11/30',5),
('海角七號和他們的故事：一段從困境走向夢想的旅程','978-986-213-098-8.png', '978-986-213-098-8','製作本片的「果子電影公司」，提供了三千多張工作照和劇照、工作日誌和其他素材，交由大塊文化整理編撰成書。<br/>2008年八月下旬，台灣出現了一部叫做《海角七號》的電影。它描述幾個處在人生困境裡的小人物如何齊心完成一場表演盛事；它用愛情與音樂為主要元素，講述了一個關於如何打開自己、掌握機會、勇敢做決定的故事。導演本人拍攝這部電影的過程，也是一則為了一圓人生夢想而痛苦而不甘、而堅持而努力的故事——這麼一個真實的夢想啟示錄，更為這部電影增添吸引力。<br/> 深愛《海角七號》的人到處宣傳，逐漸形成口碑，直到成為熱潮。它的熱力延燒了整個秋天。觀眾在颱風天去戲院排隊買票等著觀賞，彷彿參加同樂會。有人一遍又一遍走進電影院溫習它所引發的眼淚和笑聲。有人帶著他們十餘年不曾進戲院的父母和祖父母一同去戲院看它，彷彿藉著看這部電影一起回憶家族往事。','大塊文化',380,'2008/12/01',25),
('秋聲教你玩：C語言底層破解基礎篇','978-986-434-275-4.png', '978-986-434-275-4','本書適合給有組合語言和C語言基礎的讀者，組合語言方面，各位若對組合語言不熟悉的話，請參考《通往高級駭客的修行之路：組合語言心法修行與反逆向工程的初階入門》這本書。至於C語言的部分，原則上會延續《秋聲教你玩C語言與指標: 給挑戰者的22堂課》這本書裡頭的內容，但其寫法會更加深入，因為都使用反組譯來解釋C語言程式碼，以及為了方便大家能夠順利地理解本書所講的內容，有的程式會沿用前一本系列書裡頭的程式碼來做分析，目的是為了讓讀者讀完前一本系列書之後，更可以對本書快速上手。','博碩',320,'2018/01/19',3),
('寫給上班族的Excel商用統計分析入門','978-986-476-684-0.png', '978-986-476-684-0','讓「機率統計」、「卡方檢定」這些聽起來很難的名詞成為你的致勝兵器<br/><br/> 最近的統計學與資料分析算是形影不離，也是商場人士不可或缺的技術。本書將以豐富的範例解說統計學與日常生活的相關性，幫助您掌握統計學的知識，從數字中發掘未來無限的可能性。','碁峰',480,'2018/01/19',15),
('Laravel 5 for beginner 新手道場：優雅運用框架快速開發 PHP 網站','978-986-434-269-3.png', '978-986-434-269-3','●適用最新版的Laravel 5。<br/>●當前最受歡迎的PHP框架。<br/> ●框架設計完全符合設計模式的五大原則。','博碩',420,'2017/12/29',22),
('用手機一分鐘做貼圖！大家一起LINE拍貼！','978-986-476-637-6.png', '978-986-476-637-6','【感謝LINE官方授權中文原創貼圖Logo】<br/><br/> 最受歡迎的LINE貼圖教學天后“漂漂老師”輕量出擊！','碁峰',139,'2017/12/29',7),
('HTML / CSS網頁設計實務22堂課：一學就會！高效打造專屬網站','978-986-434-244-0.png', '978-986-434-244-0','輕鬆有趣的對話情境學習教材×學習正統、精美的網頁設計技能<br/>即使是網頁設計的新手，也能徹底學會最新的網站設計方法！<br/> 每一章都有不同的主題，非常適合反覆學習來加深知識的完整化！','博碩',420,'2017/12/12',1),
('灰帽 C#：建立自動化安全工具的駭客手冊','978-986-476-631-4.png', '978-986-476-631-4','“做好準備，盡情開發進攻與防禦性C#。”<br/><br/> —Matt Graeber, Microsoft MVP','碁峰',450,'2017/12/01',28),
('Mac活用萬事通：High Sierra一本就學會！','978-986-434-262-4.png', '978-986-434-262-4','Mac功能一網打盡，科技結合網路全新進化<br/>輕鬆學會最能幹可靠的作業系統<br/> ','博碩',350,'2017/11/30',13),
('14堂蘋果達人的養成課','978-986-476-630-7.png', '978-986-476-630-7','不做流水帳似的說明書，帶你從頭認識蘋果電腦大小事 <br/><br/> 本書作者長期撰寫蘋果產品評論、教學專欄，在網路上已累積數百篇教學文章。在多年的教學經驗中發現，從蘋果電腦的發展歷史出發，以介紹操作精神與設計理念為主的教學方式，會比單純以流水帳方式紀錄片操作步驟撰寫更具教學成效。因此本書以蘋果的發展故事與設計理念為主軸，針對蘋果初學者應該認識的操作重點，將教學內容的演進歷史用說故事的方式呈現，幫助使用者從根本融會貫通該功能的設計用意與操作理念。 ','碁峰',320,'2017/11/22',28),
('Python：期貨演算法交易實務121個關鍵技巧詳解','978-986-434-263-1.png', '978-986-434-263-1','想要活用Python實作金融科技與資料分析嗎？<br/>藉由121個技巧與案例的逐步演練及說明，帶領你進入程式交易的殿堂<br/> ','博碩',360,'2017/11/17',12),
('用Python開發經典遊戲','978-986-434-259-4.png', '978-986-434-259-4','Python是一門易於編寫、高度彈性且使用廣泛的高階程式語言，它的友善性讓初學者無須付出過多的努力及訓練，即能夠編寫出各式型態的電玩遊戲。在多數情況下，運用已知的使用案例，便能夠免除程式碼的繁雜性，使遊戲開發成為可易於實現的目標。<br/><br/> 本書將指引讀者開發出酷炫的遊戲，卻無須對Python程式語言有極其深入的瞭解。內容包含了遊戲設計的技巧，以及一些常見遊戲的實作，例如打磚塊及塔防遊戲等。在此之後，還會逐步增加遊戲的複雜性，使其更富有樂趣且更貼近實務。','博碩',420,'2017/10/31',15),
('iOS 11＋iPhone 8／8Plus／X／iPad 完全活用術：225個超進化技巧攻略','978-986-476-628-4.png', '978-986-476-628-4','達人隱藏版秘技<br/>嚴選秘技200+ 讓iPhone／iPad效能大進化<br/> iOS 11為 iPhone 和 iPad 帶來全新應用，但這些實用好玩的隱藏版功能，你知道了多少？','碁峰',199,'2017/10/30',18),
('3D珠寶設計：現代設計師一定要會的RhinoGold飾品創作與3D繪製列印','978-986-953-054-5.png', '978-986-953-054-5','1.    施展RhinoGold設計，實現你的3D珠寶。<br/>2.    解密各大國際知名品牌之設計與生產方式，最貼近業界操作實例方法。<br/> 3.    最真實、領先業界的3D操作實例方法，毫無藏私。','PCuSER電腦人文化',434,'2017/10/26',7),
('IBM部長強力推薦的Excel商用技巧：用大數據分析商品、達成預算、美化報告的70個絕招！','978-986-954-400-9.png', '978-986-954-400-9','全圖示╳全解說<br/><br/> 無論是大數據、物聯網，','大樂文化',300,'2017/10/03',27),
('打造安全無虞的網站-使用ModSecurity','978-986-434-251-8.png', '978-986-434-251-8','相信大多數的程式設計師都曾有過類似的經驗，在專案時程的壓力下，通常程式在撰寫完成後，經過簡單的功能測試後即會將程式上線，大多沒有辦法充份的測試功能面以外的狀況，更別說是針對安全的測試。在此情況下，經常會造成上線的網頁程式存在潛在的資安問題，最常見的即是因為程式未能適當的過濾輸入參數而造成的資料庫隱碼攻擊(Sql injection)的漏洞，造成線上資料庫損毀或資料庫內的資料外洩。<br/><br/> LAMP相信是開源碼社群中網站解決方案的首選，挾其優異的效能及穩定性，早已為各界所肯定，也是目前應用最廣的網站解決方法，但此方案並未提供安全上的防護。因此在本書中，將為讀者介紹如何使用開源碼社群中，最富盛名的網頁防火牆軟體，名稱為ModSecurity來為Apache網站伺服器加上網頁防火牆的功能，來增強網站伺服器的安全防護能力。','博碩',280,'2017/09/29',27),
('演算法之美：隱藏在資料結構背後的原理(C++版)','978-986-434-248-8.png', '978-986-434-248-8','本書圍繞演算法與資料結構的話題，並且循序漸進、深入淺出地介紹現代電腦技術中常用的40餘種經典演算法，包含回溯法、分治法、貪心法和動態規劃等演算法設計觀念。同時，本書也系統性地講解連結串列、堆疊、佇列、樹、圖、集合與字典等常用的資料結構。同時，透過22個經典問題（包括約瑟夫環問題、河內塔問題、八皇后問題和騎士巡邏問題等）的解說，逐步揭開隱藏在資料結構背後的演算法原理，試圖協助讀者充實知識基礎，啟動思維技巧，最終衝破阻礙提升程式設計能力的重重藩籬。','博碩',650,'2017/09/29',5),
('SQL Server與R開發實戰講堂','978-986-476-603-1.png', '978-986-476-603-1','本書以企業現場常見的情境為例進行解說，幫助您快速解決SQL開發上的疑難雜症，學到資料庫與大數據整合的概念，進而開發出企業級的應用系統。<br/><br/> 本書精采內容包括：','碁峰',476,'2017/09/27',22),
('iWork活用萬事通：Keynote+Pages+Numbers一本就學會！(第三版)','978-986-434-237-2.png', '978-986-434-237-2','iWork同類書籍累積銷售第一名，<br/>最容易上手的Apple商務軟體<br/> ','博碩',260,'2017/09/15',3),
('第一次用Docker就上手','978-986-476-487-7.png', '978-986-476-487-7','本書的目的是為了幫助剛開始接觸Docker的初學者快速入門，了解實際應用Docker時應該掌握的知識。<br/><br/> 透過本書，您可以了解：','碁峰',420,'2017/09/01',30),
('邁向精密工業之路：AutoCAD環境規劃與精密公差標註','978-986-434-238-9.png', '978-986-434-238-9','精密工業對絕大部份的國家發展都有舉足輕重的地位，但國內業界有時不按照國家標準的公差表來繪製工程圖，往往容易造成工程完成後需要糾正調整的問題。<br/><br/> 一張標準工程圖，必須符合國家標準所訂定的規範，而零件加工若不使用製造之公差，將影響組裝的過程，不但品質無法完全控制，可能還會導致企業不必要的損失。因此本書將引導讀者們，先建立一套AutoCAD製圖環境規劃，加上符合國家標準的工程圖樣板，才能讓每張工程圖的標準一致，不僅個人負責的產品零誤差，企業不合規格的損失也不再產生。本書就是想讓業界人士藉由本書提供的環境塑造與國家標準公差表，更加提高工作的精準度與工作效率。','博碩',380,'2017/08/31',5);



INSERT INTO `CUSTOMER` VALUE ('Customer1', NULL, NULL, NULL, 'customer1@gmail.com', 'customer1', 'customercustomer1');
INSERT INTO `CUSTOMER` VALUE ('Customer2', NULL, NULL, NULL, 'customer2@gmail.com', 'customer2', 'customercustomer2');
INSERT INTO `CUSTOMER` VALUE ('Customer3', NULL, NULL, NULL, 'customer3@gmail.com', 'customer3', 'customercustomer3');
INSERT INTO `CUSTOMER` VALUE ('Customer4', NULL, NULL, NULL, 'customer4@gmail.com', 'customer4', 'customercustomer4');
INSERT INTO `CUSTOMER` VALUE ('Customer5', NULL, NULL, NULL, 'customer5@gmail.com', 'customer5', 'customercustomer5');
INSERT INTO `CUSTOMER` VALUE ('Customer6', NULL, NULL, NULL, 'customer6@gmail.com', 'customer6', 'customercustomer6');
INSERT INTO `CUSTOMER` VALUE ('Customer7', NULL, NULL, NULL, 'customer7@gmail.com', 'customer7', 'customercustomer7');
INSERT INTO `CUSTOMER` VALUE ('Customer8', NULL, NULL, NULL, 'customer8@gmail.com', 'customer8', 'customercustomer8');
INSERT INTO `CUSTOMER` VALUE ('Customer9', NULL, NULL, NULL, 'customer9@gmail.com', 'customer9', 'customercustomer9');
INSERT INTO `CUSTOMER` VALUE ('Customer10', NULL, NULL, NULL, 'customer10@gmail.com', 'customer10', 'customercustomer10');
INSERT INTO `CUSTOMER` VALUE ('Customer11', NULL, NULL, NULL, 'customer11@gmail.com', 'customer11', 'customercustomer11');

INSERT INTO `MANAGER` VALUE ('Manager1', NULL, NULL, NULL, 'manager1@gmail.com', 'manager1', 'managermanager1');
INSERT INTO `MANAGER` VALUE ('Manager2', NULL, NULL, NULL, 'manager2@gmail.com', 'manager2', 'managermanager2');
INSERT INTO `MANAGER` VALUE ('Manager3', NULL, NULL, NULL, 'manager3@gmail.com', 'manager3', 'managermanager3');

INSERT INTO `SCORE` VALUE ('customer1', '471-770-210-071-1', 3);
INSERT INTO `SCORE` VALUE ('customer1', '978-006-235-530-0', 2.5);
INSERT INTO `SCORE` VALUE ('customer1', '978-044-024-190-4', 3.5);
INSERT INTO `SCORE` VALUE ('customer1', '978-057-133-465-0', 3);
INSERT INTO `SCORE` VALUE ('customer1', '978-059-331-164-6', 4);
INSERT INTO `SCORE` VALUE ('customer1', '978-125-076-248-1', 3.5);
INSERT INTO `SCORE` VALUE ('customer1', '978-178-649-525-9', 3);
INSERT INTO `SCORE` VALUE ('customer1', '978-198-215-845-3', 4);
INSERT INTO `SCORE` VALUE ('customer1', '978-957-658-305-6', 3.5);
INSERT INTO `SCORE` VALUE ('customer1', '978-957-847-264-8', 3.5);
INSERT INTO `SCORE` VALUE ('customer1', '978-957-907-240-3', 4.5);
INSERT INTO `SCORE` VALUE ('customer1', '978-957-907-280-9', 3);
INSERT INTO `SCORE` VALUE ('customer1', '978-986-130-432-8', 4.5);
INSERT INTO `SCORE` VALUE ('customer1', '978-986-379-802-6', 3);
INSERT INTO `SCORE` VALUE ('customer1', '978-986-434-399-7', 4.5);
INSERT INTO `SCORE` VALUE ('customer1', '978-986-434-407-9', 3);
INSERT INTO `SCORE` VALUE ('customer1', '978-986-434-414-7', 3.5);
INSERT INTO `SCORE` VALUE ('customer1', '978-986-434-415-4', 4.5);
INSERT INTO `SCORE` VALUE ('customer1', '978-986-434-478-9', 3);
INSERT INTO `SCORE` VALUE ('customer1', '978-986-434-491-8', 3.5);
INSERT INTO `SCORE` VALUE ('customer1', '978-986-434-495-6', 2.5);
INSERT INTO `SCORE` VALUE ('customer1', '978-986-434-505-2', 3);
INSERT INTO `SCORE` VALUE ('customer1', '978-986-434-515-1', 3.5);
INSERT INTO `SCORE` VALUE ('customer1', '978-986-434-517-5', 4.5);
INSERT INTO `SCORE` VALUE ('customer1', '978-986-434-523-6', 3);
INSERT INTO `SCORE` VALUE ('customer1', '978-986-434-544-1', 4.5);
INSERT INTO `SCORE` VALUE ('customer1', '978-986-434-551-9', 3.5);
INSERT INTO `SCORE` VALUE ('customer1', '978-986-502-179-5', 3.5);
INSERT INTO `SCORE` VALUE ('customer1', '978-986-988-540-9', 3);
INSERT INTO `SCORE` VALUE ('customer2', '471-770-210-071-1', 4);
INSERT INTO `SCORE` VALUE ('customer2', '978-014-313-559-3', 3);
INSERT INTO `SCORE` VALUE ('customer2', '978-030-794-847-2', 4);
INSERT INTO `SCORE` VALUE ('customer2', '978-059-308-585-1', 3);
INSERT INTO `SCORE` VALUE ('customer2', '978-059-331-164-6', 2);
INSERT INTO `SCORE` VALUE ('customer2', '978-125-078-453-7', 4);
INSERT INTO `SCORE` VALUE ('customer2', '978-198-214-670-2', 3.5);
INSERT INTO `SCORE` VALUE ('customer2', '978-957-847-273-0', 3);
INSERT INTO `SCORE` VALUE ('customer2', '978-986-379-802-6', 4);
INSERT INTO `SCORE` VALUE ('customer2', '978-986-434-414-7', 3);
INSERT INTO `SCORE` VALUE ('customer2', '978-986-434-422-2', 4);
INSERT INTO `SCORE` VALUE ('customer2', '978-986-434-478-9', 3.5);
INSERT INTO `SCORE` VALUE ('customer2', '978-986-434-488-8', 2.5);
INSERT INTO `SCORE` VALUE ('customer2', '978-986-434-493-2', 3);
INSERT INTO `SCORE` VALUE ('customer2', '978-986-434-515-1', 2.5);
INSERT INTO `SCORE` VALUE ('customer2', '978-986-434-526-7', 3);
INSERT INTO `SCORE` VALUE ('customer2', '978-986-459-170-1', 4);
INSERT INTO `SCORE` VALUE ('customer3', '471-770-210-071-1', 3.5);
INSERT INTO `SCORE` VALUE ('customer3', '978-059-331-164-6', 4);
INSERT INTO `SCORE` VALUE ('customer3', '978-178-649-525-9', 4.5);
INSERT INTO `SCORE` VALUE ('customer3', '978-957-658-305-6', 4);
INSERT INTO `SCORE` VALUE ('customer3', '978-957-907-254-0', 4.5);
INSERT INTO `SCORE` VALUE ('customer3', '978-957-965-493-7', 4);
INSERT INTO `SCORE` VALUE ('customer3', '978-986-312-584-6', 4);
INSERT INTO `SCORE` VALUE ('customer3', '978-986-434-399-7', 4);
INSERT INTO `SCORE` VALUE ('customer3', '978-986-434-488-8', 4);
INSERT INTO `SCORE` VALUE ('customer3', '978-986-434-491-8', 4.5);
INSERT INTO `SCORE` VALUE ('customer3', '978-986-434-526-7', 4);
INSERT INTO `SCORE` VALUE ('customer3', '978-986-434-537-3', 4);
INSERT INTO `SCORE` VALUE ('customer3', '978-986-434-538-0', 4);
INSERT INTO `SCORE` VALUE ('customer3', '978-986-434-547-2', 3.5);
INSERT INTO `SCORE` VALUE ('customer3', '978-986-434-551-9', 4);
INSERT INTO `SCORE` VALUE ('customer3', '978-986-523-126-2', 4);
INSERT INTO `SCORE` VALUE ('customer3', '978-986-985-314-9', 3.5);
INSERT INTO `SCORE` VALUE ('customer3', '978-986-988-540-9', 4);
INSERT INTO `SCORE` VALUE ('customer4', '471-770-210-071-1', 4);
INSERT INTO `SCORE` VALUE ('customer4', '978-014-313-559-3', 4.5);
INSERT INTO `SCORE` VALUE ('customer4', '978-045-152-493-5', 3);
INSERT INTO `SCORE` VALUE ('customer4', '978-052-555-947-4', 4);
INSERT INTO `SCORE` VALUE ('customer4', '978-059-324-147-9', 4);
INSERT INTO `SCORE` VALUE ('customer4', '978-059-331-164-6', 4.5);
INSERT INTO `SCORE` VALUE ('customer4', '978-178-649-525-9', 3);
INSERT INTO `SCORE` VALUE ('customer4', '978-957-437-937-8', 4);
INSERT INTO `SCORE` VALUE ('customer4', '978-957-907-240-3', 4);
INSERT INTO `SCORE` VALUE ('customer4', '978-957-907-280-9', 3.5);
INSERT INTO `SCORE` VALUE ('customer4', '978-986-434-389-8', 3.5);
INSERT INTO `SCORE` VALUE ('customer4', '978-986-434-393-5', 5);
INSERT INTO `SCORE` VALUE ('customer4', '978-986-434-517-5', 3.5);
INSERT INTO `SCORE` VALUE ('customer4', '978-986-434-519-9', 3.5);
INSERT INTO `SCORE` VALUE ('customer4', '978-986-434-528-1', 3.5);
INSERT INTO `SCORE` VALUE ('customer4', '978-986-434-534-2', 4);
INSERT INTO `SCORE` VALUE ('customer4', '978-986-434-537-3', 3);
INSERT INTO `SCORE` VALUE ('customer4', '978-986-434-538-0', 4);
INSERT INTO `SCORE` VALUE ('customer4', '978-986-434-543-4', 4);
INSERT INTO `SCORE` VALUE ('customer4', '978-986-434-545-8', 4);
INSERT INTO `SCORE` VALUE ('customer4', '978-986-434-547-2', 4);
INSERT INTO `SCORE` VALUE ('customer4', '978-986-489-356-0', 4);
INSERT INTO `SCORE` VALUE ('customer4', '978-986-550-135-8', 4);
INSERT INTO `SCORE` VALUE ('customer4', '978-986-985-313-2', 3);
INSERT INTO `SCORE` VALUE ('customer4', '978-986-988-540-9', 3.5);
INSERT INTO `SCORE` VALUE ('customer5', '978-006-235-530-0', 3);
INSERT INTO `SCORE` VALUE ('customer5', '978-986-434-495-6', 4);
INSERT INTO `SCORE` VALUE ('customer5', '978-986-434-517-5', 3.5);
INSERT INTO `SCORE` VALUE ('customer5', '978-986-434-528-1', 4);
INSERT INTO `SCORE` VALUE ('customer5', '978-986-552-021-2', 4);
INSERT INTO `SCORE` VALUE ('customer5', '978-986-762-709-4', 4);
INSERT INTO `SCORE` VALUE ('customer5', '978-986-933-408-2', 3);
INSERT INTO `SCORE` VALUE ('customer6', '978-006-235-530-0', 4);
INSERT INTO `SCORE` VALUE ('customer6', '978-059-331-164-6', 4);
INSERT INTO `SCORE` VALUE ('customer6', '978-986-434-396-6', 3);
INSERT INTO `SCORE` VALUE ('customer6', '978-986-434-405-5', 3);
INSERT INTO `SCORE` VALUE ('customer6', '978-986-434-412-3', 3);
INSERT INTO `SCORE` VALUE ('customer6', '978-986-434-494-9', 3.5);
INSERT INTO `SCORE` VALUE ('customer6', '978-986-434-544-1', 4);
INSERT INTO `SCORE` VALUE ('customer6', '978-986-434-545-8', 4.5);
INSERT INTO `SCORE` VALUE ('customer6', '978-986-980-720-3', 4);
INSERT INTO `SCORE` VALUE ('customer7', '978-006-235-530-0', 3);
INSERT INTO `SCORE` VALUE ('customer7', '978-198-214-670-2', 4);
INSERT INTO `SCORE` VALUE ('customer7', '978-986-434-405-5', 4);
INSERT INTO `SCORE` VALUE ('customer7', '978-986-434-488-8', 4);
INSERT INTO `SCORE` VALUE ('customer7', '978-986-434-526-7', 3.5);
INSERT INTO `SCORE` VALUE ('customer7', '978-986-434-537-3', 4.5);
INSERT INTO `SCORE` VALUE ('customer7', '978-986-434-543-4', 3);
INSERT INTO `SCORE` VALUE ('customer7', '978-986-550-129-7', 4);
INSERT INTO `SCORE` VALUE ('customer7', '978-986-933-408-2', 3.5);
INSERT INTO `SCORE` VALUE ('customer8', '978-006-235-530-0', 3.5);
INSERT INTO `SCORE` VALUE ('customer8', '978-059-331-164-6', 4);
INSERT INTO `SCORE` VALUE ('customer8', '978-178-649-525-9', 4);
INSERT INTO `SCORE` VALUE ('customer8', '978-957-847-273-0', 4);
INSERT INTO `SCORE` VALUE ('customer8', '978-986-434-493-2', 3.5);
INSERT INTO `SCORE` VALUE ('customer8', '978-986-434-533-5', 4.5);
INSERT INTO `SCORE` VALUE ('customer8', '978-986-434-544-1', 4.5);
INSERT INTO `SCORE` VALUE ('customer8', '978-986-511-485-5', 4);
INSERT INTO `SCORE` VALUE ('customer8', '978-986-523-112-5', 4);
INSERT INTO `SCORE` VALUE ('customer8', '978-986-550-135-8', 4);
INSERT INTO `SCORE` VALUE ('customer8', '978-986-552-021-2', 3.5);
INSERT INTO `SCORE` VALUE ('customer9', '978-014-313-559-3', 5);
INSERT INTO `SCORE` VALUE ('customer9', '978-059-331-164-6', 4);
INSERT INTO `SCORE` VALUE ('customer9', '978-986-434-505-2', 4);
INSERT INTO `SCORE` VALUE ('customer9', '978-986-434-551-9', 4);
INSERT INTO `SCORE` VALUE ('customer9', '978-986-502-179-5', 4);
INSERT INTO `SCORE` VALUE ('customer9', '978-986-523-112-5', 4.5);
INSERT INTO `SCORE` VALUE ('customer9', '978-986-988-540-9', 4);
INSERT INTO `SCORE` VALUE ('customer10', '978-986-379-802-6', 4.5);
INSERT INTO `SCORE` VALUE ('customer10', '978-986-434-526-7', 4.5);
INSERT INTO `SCORE` VALUE ('customer10', '978-986-988-540-9', 4);
INSERT INTO `SCORE` VALUE ('customer11', '978-059-331-164-6', 4.5);
INSERT INTO `SCORE` VALUE ('customer11', '978-986-434-515-1', 4);
INSERT INTO `SCORE` VALUE ('customer11', '978-986-434-526-7', 4);
INSERT INTO `SCORE` VALUE ('customer11', '978-986-550-129-7', 3);

INSERT INTO `AUTHOR` VALUES
('978-986-434-551-9', '吳燦銘'),
('978-986-434-551-9', '胡昭民'),
('978-986-434-543-4', '吳燦銘'),
('978-986-434-544-1', '吳燦銘'),
('978-986-434-547-2', '李永會'),
('978-986-434-478-9', 'Simon Ng'),
('978-986-434-542-7', '時代印象 楊雨濛'),
('978-986-434-542-7', '趙青'),
('978-986-434-538-0', 'Jannes Klaas'),
('978-986-434-545-8', 'ZCT'),
('978-986-434-545-8', '陳婉凌'),
('978-986-434-526-7', '陳明熒'),
('978-986-434-537-3', '黃英展'),
('978-986-434-541-0', '楊永華'),
('978-986-434-533-5', '黃冠霖（神Q超人）'),
('978-986-434-534-2', '彭勝陽'),
('978-986-523-126-2', '李權祐'),
('978-986-434-528-1', '鄭苑鳳'),
('978-986-434-523-6', '艸谷真由'),
('978-986-434-519-9', 'Sebastian Raschka'),
('978-986-434-519-9', 'Vahid Mirjalili'),
('978-957-437-937-8', 'Galaxy Lee'),
('978-986-434-517-5', '廖如龍'),
('978-986-434-517-5', '葉世聰'),
('978-986-523-112-5', '北科大檢定研究室'),
('978-986-434-515-1', '劉齊光'),
('978-986-434-515-1', '博碩文化'),
('978-986-434-515-1', '姚瞻海'),
('978-986-434-515-1', '陳鞠伎'),
('978-986-434-514-4', '劉齊光'),
('978-986-434-514-4', '博碩文化'),
('978-986-434-514-4', '姚瞻海'),
('978-986-434-514-4', '陳鞠伎'),
('978-986-434-512-0', '吳燦銘'),
('978-986-434-512-0', '胡昭民'),
('978-986-434-509-0', '姜林毅'),
('978-986-434-509-0', '林芝吟'),
('978-986-434-509-0', '歐瑭軒'),
('978-986-434-509-0', '洪國鈞'),
('978-986-434-509-0', '蔡燕如'),
('978-986-434-509-0', '陳朝鈞'),
('978-957-965-493-7', '日比野 新'),
('978-986-434-505-2', '資訊種子研究室'),
('978-986-434-503-8', '榮欽科技'),
('978-986-434-494-9', '吳燦銘'),
('978-986-434-493-2', '吳燦銘'),
('978-986-434-497-0', '吳燦銘'),
('978-986-550-135-8', '牛冬'),
('978-986-434-495-6', '吳燦銘'),
('978-986-988-540-9', '士盟科技'),
('978-986-434-491-8', '吳燦銘'),
('978-986-434-485-7', '吳燦銘'),
('978-986-550-129-7', '夏磊'),
('978-986-434-488-8', '北極星'),
('471-770-210-071-1', '羅剛君'),
('978-986-985-313-2', '吳細顏'),
('978-986-985-314-9', '吳細顏'),
('978-986-434-422-2', '劉齊光'),
('978-986-434-422-2', '博碩文化'),
('978-986-434-422-2', '姚瞻海'),
('978-986-434-422-2', '陳鞠伎'),
('978-986-434-389-8', 'Michael Heydt'),
('978-986-980-720-3', '崔秀龍'),
('978-986-434-414-7', '北極星'),
('978-986-434-415-4', 'Christian Antognini'),
('978-986-434-412-3', '何敏煌'),
('978-986-434-410-9', '陳錦輝'),
('978-986-502-179-5', '志凌資訊'),
('978-986-502-179-5', '郭姮劭'),
('978-986-434-407-9', '鄭苑鳳'),
('978-986-130-432-8', '川合秀實'),
('978-986-130-432-8', '才望子（Cybozu）股份有限公司'),
('978-986-130-432-8', '西尾泰和'),
('978-986-434-405-5', '宋亞楠'),
('978-986-434-405-5', '張凱'),
('978-986-434-405-5', '李方圓'),
('978-986-434-405-5', '王昊奮'),
('978-986-434-405-5', '邵浩'),
('978-986-434-402-4', '張雯燕'),
('978-986-434-403-1', '吳燦銘'),
('978-986-434-403-1', '胡昭民'),
('978-986-434-399-7', '曾瑞君'),
('978-986-434-393-5', '鄭苑鳳'),
('978-986-434-396-6', '北極星'),
('978-140-003-060-6', 'Tevis'),
('978-140-003-060-6', ' Walter'),
('978-125-076-248-1', 'Alex Michaelides'),
('978-052-555-947-4', 'Haig'),
('978-052-555-947-4', ' Matt'),
('978-057-133-465-0', 'Sally Rooney'),
('978-198-215-845-3', 'Fredrik Backman'),
('978-030-794-847-2', 'Yu'),
('978-030-794-847-2', ' Charles'),
('978-198-482-218-5', 'Rooney'),
('978-198-482-218-5', ' Sally'),
('978-044-024-190-4', 'Kinsella'),
('978-044-024-190-4', ' Sophie'),
('978-006-235-530-0', 'Paulo Coelho'),
('978-059-331-164-6', 'Atwood'),
('978-059-331-164-6', ' Margaret'),
('978-059-335-634-0', 'Ernest Cline'),
('978-045-152-493-5', 'Orwell'),
('978-045-152-493-5', ' George/ Fromm'),
('978-045-152-493-5', ' Erich (AFT)'),
('978-014-313-559-3', 'Garrett'),
('978-014-313-559-3', ' Henry James'),
('978-159-463-474-1', 'Gilbert'),
('978-159-463-474-1', ' Elizabeth'),
('978-059-308-585-1', 'Delia Owens'),
('978-198-214-670-2', 'Fitzgerald'),
('978-198-214-670-2', ' F. Scott'),
('978-125-078-453-7', 'V. E. Schwab'),
('978-076-538-810-0', 'Cameron'),
('978-076-538-810-0', ' W. Bruce'),
('978-178-649-525-9', 'Andre Aciman'),
('978-059-324-147-9', 'Sophie Kinsella'),
('978-957-907-280-9', '大森裕二'),
('978-957-907-280-9', '生田信一'),
('978-957-907-280-9', '龜尾敦'),
('978-986-552-021-2', '紅糖美學'),
('978-957-658-423-7', 'ingectar-e'),
('978-986-379-802-6', '裴恩設計事務所'),
('978-957-658-305-6', 'ingectar-e'),
('978-957-907-254-0', '保羅．哈里斯'),
('978-957-907-254-0', '加文．安布羅斯'),
('978-986-933-408-2', '尾澤早飛'),
('978-986-489-356-0', '藤田翔'),
('978-986-933-407-5', '甲谷一'),
('978-957-847-273-0', '紅糖美學'),
('978-986-408-493-7', '佐藤直樹（Asyl）'),
('978-957-847-264-8', 'ingectar-e'),
('978-986-312-584-6', 'Graphic 社編輯部'),
('978-986-312-584-6', 'LINK UP INC.'),
('978-986-762-709-4', '松田行正'),
('978-986-459-170-1', 'PIE國際出版編輯部'),
('978-986-312-583-9', 'ARENSKI'),
('978-986-511-485-5', ''),
('866-710-651-188-9', '久保孝史'),
('866-710-651-188-9', '庵野拓將'),
('866-710-651-188-9', '泰史特龍'),
('471-770-210-934-9', '溫佑君'),
('471-770-210-934-9', '肯園芳療師團隊'),
('978-986-401-444-6', '山本真美（Mami Yamamoto）'),
('471-297-774-739-5', '卡若琳（Carolina）'),
('471-297-774-805-7', '卡若琳（Carolina）'),
('471-297-774-709-8', '亞倫．霍什格'),
('471-297-774-709-8', '荒川裕志'),
('978-957-871-095-5', '瑪林'),
('471-770-210-596-9', 'Sunny Liu'),
('471-770-210-645-4', '安齋哲'),
('471-770-210-645-4', '村角千亞希'),
('978-986-289-530-6', '墨刻出版股份有限公司'),
('978-986-289-532-0', '陳忠利'),
('978-986-262-431-9', '唐拔博士'),
('978-986-262-432-6', '唐拔博士'),
('471-770-210-526-6', '唐拔博士'),
('978-986-522-183-6', '張佳瑋'),
('471-770-210-623-2', '林奐慶'),
('978-986-408-612-2', '李碧峰'),
('978-986-553-407-3', '凱西‧海瑞森'),
('978-986-552-019-9', '倉見紗代'),
('978-986-979-056-7', '車玟周'),
('978-986-979-065-9', '曾愷玹'),
('978-986-967-306-8', '亞德里安．貝斯利'),
('471-770-290-489-0', '簡拉娜 Lana Jane'),
('978-986-962-364-3', '歐陽娜娜'),
('978-957-136-895-5', '2千元幸福餐桌'),
('978-957-136-895-5', 'tvN《一日三餐》製作團隊'),
('978-986-937-931-1', '小S'),
('978-986-937-931-1', '芭娜娜'),
('978-986-929-117-0', '蘑菇'),
('978-986-603-188-5', '森下信雄'),
('978-957-136-606-7', '2千元幸福餐桌'),
('978-957-136-606-7', 'tvN《一日三餐》製作團隊'),
('978-986-235-502-2', '盧卡‧多堤'),
('978-986-213-640-9', '王志弘'),
('978-986-213-640-9', '陳綺貞'),
('978-957-105-893-1', '林可彤'),
('978-986-272-200-8', '曹啟泰'),
('978-986-213-150-3', '陳建志'),
('978-986-213-098-8', '大塊文化'),
('978-986-213-098-8', '果子電影'),
('978-986-434-275-4', '北極星'),
('978-986-476-684-0', '日花弘子'),
('978-986-434-269-3', '洪可郡（KeJyun）'),
('978-986-476-637-6', '蔡雅琦'),
('978-986-434-244-0', '森智佳子'),
('978-986-434-244-0', '高橋朋代'),
('978-986-476-631-4', 'Brandon Perry'),
('978-986-434-262-4', '蘋果梗'),
('978-986-434-263-1', '劉承彥'),
('978-986-434-263-1', '酆士昌'),
('978-986-434-259-4', 'Alejandro Rodas'),
('978-986-434-259-4', 'Joseph Howse'),
('978-986-476-628-4', 'i點子工作室'),
('978-986-953-054-5', '蔡韋德'),
('978-986-954-400-9', '加藤昌生'),
('978-986-434-251-8', '吳惠麟'),
('978-986-434-248-8', '左飛'),
('978-986-476-603-1', '楊志強'),
('978-986-434-237-2', '蘋果梗'),
('978-986-476-487-7', '劉天斯'),
('978-986-476-487-7', '尹燁'),
('978-986-476-487-7', '李金榜'),
('978-986-476-487-7', '陳純'),
('978-986-434-238-9', '張譽璋');


INSERT INTO `COUPON` VALUE ('COUPON0001', '2020-10-30', '2021-08-20', 1, 0, 8, 20);    -- Type=1：打？折 Type=2：折扣？元
INSERT INTO `COUPON` VALUE ('COUPON0002', '2020-10-30', '2021-10-17', 1, 0, 75, 15);
INSERT INTO `COUPON` VALUE ('COUPON0003', '2020-11-01', NULL, 2, 500, 100, 5);
INSERT INTO `COUPON` VALUE ('COUPON0004', '2020-10-30', NULL, 2, 0, 50, 20);

INSERT INTO `OWN` VALUE ('COUPON0001', 'customer1', 2);
INSERT INTO `OWN` VALUE ('COUPON0003', 'customer1', 3);

INSERT INTO `ORDER` VALUE ('ORDER00000', '2020-05-20', '台北市大安區忠孝東路三段1號', 3, NULL, 'customer1', 'manager1');
INSERT INTO `ORDER` VALUE ('ORDER00001', '2020-05-20', '台北市大安區新生南路一段101', 3, NULL, 'customer2', 'manager1');
INSERT INTO `ORDER` VALUE ('ORDER00002', '2020-07-15', '台北市大安區忠孝東路三段1號', 3, 'COUPON0002', 'customer1', 'manager2');
INSERT INTO `ORDER` VALUE ('ORDER00003', '2020-07-23', '台北市中正區市民大道三段2號', 3, NULL, 'customer3', 'manager2');
INSERT INTO `ORDER` VALUE ('ORDER00004', '2020-07-30', '台北市大安區新生南路一段101', 3, NULL, 'customer2', 'manager3');
INSERT INTO `ORDER` VALUE ('ORDER00005', '2020-07-30', '台北市中正區市民大道三段2號', 3, 'COUPON0002', 'customer3', 'manager1');
INSERT INTO `ORDER` VALUE ('ORDER00006', '2020-08-02', '台北市大安區忠孝東路三段1號', 3, NULL, 'customer1', 'manager1');
INSERT INTO `ORDER` VALUE ('ORDER00007', '2020-08-02', '台北市大安區忠孝東路三段1號', 3, NULL, 'customer1', 'manager2');
INSERT INTO `ORDER` VALUE ('ORDER00008', '2020-08-02', '台北市中正區濟南路一段71號', 3, NULL, 'customer5', 'manager2');
INSERT INTO `ORDER` VALUE ('ORDER00009', '2020-08-05', '台北市中山區新生北路一段59-1號', 3, NULL, 'customer7', 'manager1');
INSERT INTO `ORDER` VALUE ('ORDER00010', '2020-08-11', '台北市中正區杭州南路一段15-1號', 3, NULL, 'customer10', 'manager1');
INSERT INTO `ORDER` VALUE ('ORDER00011', '2020-08-13', '台北市大安區忠孝東路三段1號', 3, NULL, 'customer9', 'manager3');
INSERT INTO `ORDER` VALUE ('ORDER00012', '2020-08-13', '台北市大安區新生南路一段101', 3, NULL, 'customer2', 'manager3');
INSERT INTO `ORDER` VALUE ('ORDER00013', '2020-08-20', '台北市大安區忠孝東路三段1號', 3, NULL, 'customer8', 'manager2');
INSERT INTO `ORDER` VALUE ('ORDER00014', '2020-08-21', '台北市中正區杭州南路一段15-1號', 3, 'COUPON0004', 'customer10', 'manager2');
INSERT INTO `ORDER` VALUE ('ORDER00015', '2020-08-30', '台北市中正區市民大道三段2號', 3, NULL, 'customer3', 'manager3');
INSERT INTO `ORDER` VALUE ('ORDER00016', '2020-09-02', '台北市中正區市民大道三段2號', 3, 'COUPON0001', 'customer3', 'manager2');
INSERT INTO `ORDER` VALUE ('ORDER00017', '2020-09-02', '台北市中山區南京東路一段29號', 3, NULL, 'customer4', 'manager1');
INSERT INTO `ORDER` VALUE ('ORDER00018', '2020-09-03', '台北市中山區新生北路一段59-1號', 3, NULL, 'customer7', 'manager2');
INSERT INTO `ORDER` VALUE ('ORDER00019', '2020-09-10', '台北市大安區忠孝東路三段1號', 3, 'COUPON0002', 'customer9', 'manager1');
INSERT INTO `ORDER` VALUE ('ORDER00020', '2020-09-17', '台北市大安區忠孝東路三段1號', 3, NULL, 'customer1', 'manager1');
INSERT INTO `ORDER` VALUE ('ORDER00021', '2020-09-20', '台北市中山區南京東路一段29號', 3, NULL, 'customer4', 'manager3');
INSERT INTO `ORDER` VALUE ('ORDER00022', '2020-09-23', '台北市大安區忠孝東路三段1號', 3, 'COUPON0001', 'customer8', 'manager3');
INSERT INTO `ORDER` VALUE ('ORDER00023', '2020-09-30', '台北市中正區市民大道三段2號', 3, NULL, 'customer3', 'manager3');
INSERT INTO `ORDER` VALUE ('ORDER00024', '2020-10-10', '台北市中山區新生北路一段59-1號', 3, NULL, 'customer7', 'manager2');
INSERT INTO `ORDER` VALUE ('ORDER00025', '2020-10-10', '台北市大安區新生南路一段101', 3, NULL, 'customer2', 'manager2');
INSERT INTO `ORDER` VALUE ('ORDER00026', '2020-10-13', '台北市中山區南京東路一段29號', 3, 'COUPON0004', 'customer4', 'manager3');
INSERT INTO `ORDER` VALUE ('ORDER00027', '2020-10-20', '台北市中正區濟南路一段71號', 3, NULL, 'customer5', 'manager3');
INSERT INTO `ORDER` VALUE ('ORDER00028', '2020-10-23', '台北市中山區中山北路二段16巷23號', 3, NULL, 'customer6', 'manager2');
INSERT INTO `ORDER` VALUE ('ORDER00029', '2020-10-27', '台北市大同區赤峰街3巷9號1樓', 3, NULL, 'customer11', 'manager2');
INSERT INTO `ORDER` VALUE ('ORDER00030', '2020-10-30', '台北市中正區杭州南路一段15-1號', 3, NULL, 'customer10', 'manager2');
INSERT INTO `ORDER` VALUE ('ORDER00031', '2020-11-13', '台北市大安區忠孝東路三段1號', 3, NULL, 'customer1', 'manager2');
INSERT INTO `ORDER` VALUE ('ORDER00032', '2020-11-18', '台北市大安區新生南路一段101', 3, 'COUPON0004', 'customer2', 'manager3');
INSERT INTO `ORDER` VALUE ('ORDER00033', '2020-11-25', '台北市中正區市民大道三段2號', 3, NULL, 'customer3', 'manager3');
INSERT INTO `ORDER` VALUE ('ORDER00034', '2020-12-04', '台北市中山區新生北路一段59-1號', 3, NULL, 'customer7', 'manager3');
INSERT INTO `ORDER` VALUE ('ORDER00035', '2020-12-11', '台北市大安區忠孝東路三段1號', 2, NULL, 'customer8', 'manager1');
INSERT INTO `ORDER` VALUE ('ORDER00036', '2020-12-15', '台北市中正區市民大道三段2號', 2, NULL, 'customer3', 'manager1');
INSERT INTO `ORDER` VALUE ('ORDER00037', '2020-12-20', '台北市大安區忠孝東路三段1號', 2, NULL, 'customer5', 'manager2');
INSERT INTO `ORDER` VALUE ('ORDER00038', '2020-12-23', '台北市大安區忠孝東路三段1號', 1, 'COUPON0004', 'customer8', 'manager2');
INSERT INTO `ORDER` VALUE ('ORDER00039', '2020-12-25', '台北市大安區忠孝東路三段1號', 1, NULL, 'customer9', 'manager3');
INSERT INTO `ORDER` VALUE ('ORDER00040', '2020-12-30', '台北市中山區新生北路一段59-1號', 1, NULL, 'customer7', 'manager3');

INSERT INTO `HAVE_PRODUCT` VALUE ('ORDER00000', '978-030-794-847-2', 1);
INSERT INTO `HAVE_PRODUCT` VALUE ('ORDER00000', '978-986-511-485-5', 2);
INSERT INTO `HAVE_PRODUCT` VALUE ('ORDER00001', '978-986-502-179-5', 1);
INSERT INTO `HAVE_PRODUCT` VALUE ('ORDER00002', '978-957-658-305-6', 3);
INSERT INTO `HAVE_PRODUCT` VALUE ('ORDER00003', '978-986-434-478-9', 1);
INSERT INTO `HAVE_PRODUCT` VALUE ('ORDER00003', '978-957-847-273-0', 1);
INSERT INTO `HAVE_PRODUCT` VALUE ('ORDER00004', '978-014-313-559-3', 2);
INSERT INTO `HAVE_PRODUCT` VALUE ('ORDER00005', '978-957-907-240-3', 1);
INSERT INTO `HAVE_PRODUCT` VALUE ('ORDER00006', '978-957-965-493-7', 2);
INSERT INTO `HAVE_PRODUCT` VALUE ('ORDER00006', '978-986-434-551-9', 3);
INSERT INTO `HAVE_PRODUCT` VALUE ('ORDER00006', '978-957-658-305-6', 1);
INSERT INTO `HAVE_PRODUCT` VALUE ('ORDER00007', '978-986-434-542-7', 1);
INSERT INTO `HAVE_PRODUCT` VALUE ('ORDER00007', '978-986-379-802-6', 1);
INSERT INTO `HAVE_PRODUCT` VALUE ('ORDER00008', '978-986-523-112-5', 1);
INSERT INTO `HAVE_PRODUCT` VALUE ('ORDER00009', '978-986-312-583-9', 2);
INSERT INTO `HAVE_PRODUCT` VALUE ('ORDER00010', '978-986-434-402-4', 2);
INSERT INTO `HAVE_PRODUCT` VALUE ('ORDER00010', '978-986-502-179-5', 1);
INSERT INTO `HAVE_PRODUCT` VALUE ('ORDER00011', '978-986-980-720-3', 4);
INSERT INTO `HAVE_PRODUCT` VALUE ('ORDER00012', '978-986-434-396-6', 1);
INSERT INTO `HAVE_PRODUCT` VALUE ('ORDER00013', '978-986-933-408-2', 1);
INSERT INTO `HAVE_PRODUCT` VALUE ('ORDER00014', '978-957-907-254-0', 3);
INSERT INTO `HAVE_PRODUCT` VALUE ('ORDER00014', '978-045-152-493-5', 1);
INSERT INTO `HAVE_PRODUCT` VALUE ('ORDER00014', '978-957-965-493-7', 2);
INSERT INTO `HAVE_PRODUCT` VALUE ('ORDER00015', '978-198-215-845-3', 1);
INSERT INTO `HAVE_PRODUCT` VALUE ('ORDER00015', '978-059-335-634-0', 1);
INSERT INTO `HAVE_PRODUCT` VALUE ('ORDER00016', '978-045-152-493-5', 1);
INSERT INTO `HAVE_PRODUCT` VALUE ('ORDER00016', '978-059-335-634-0', 2);
INSERT INTO `HAVE_PRODUCT` VALUE ('ORDER00017', '978-986-502-179-5', 1);
INSERT INTO `HAVE_PRODUCT` VALUE ('ORDER00018', '978-986-408-493-7', 1);
INSERT INTO `HAVE_PRODUCT` VALUE ('ORDER00019', '978-059-335-634-0', 1);
INSERT INTO `HAVE_PRODUCT` VALUE ('ORDER00020', '978-044-024-190-4', 1);
INSERT INTO `HAVE_PRODUCT` VALUE ('ORDER00021', '978-986-434-485-7', 2);
INSERT INTO `HAVE_PRODUCT` VALUE ('ORDER00021', '978-076-538-810-0', 1);
INSERT INTO `HAVE_PRODUCT` VALUE ('ORDER00022', '978-059-335-634-0', 1);
INSERT INTO `HAVE_PRODUCT` VALUE ('ORDER00023', '978-986-933-407-5', 1);
INSERT INTO `HAVE_PRODUCT` VALUE ('ORDER00024', '978-076-538-810-0', 3);
INSERT INTO `HAVE_PRODUCT` VALUE ('ORDER00024', '978-059-308-585-1', 1);
INSERT INTO `HAVE_PRODUCT` VALUE ('ORDER00025', '978-059-335-634-0', 2);
INSERT INTO `HAVE_PRODUCT` VALUE ('ORDER00026', '978-986-408-493-7', 1);
INSERT INTO `HAVE_PRODUCT` VALUE ('ORDER00026', '978-059-335-634-0', 2);
INSERT INTO `HAVE_PRODUCT` VALUE ('ORDER00027', '978-986-434-543-4', 1);
INSERT INTO `HAVE_PRODUCT` VALUE ('ORDER00028', '978-986-434-485-7', 5);
INSERT INTO `HAVE_PRODUCT` VALUE ('ORDER00029', '978-957-907-254-0', 1);
INSERT INTO `HAVE_PRODUCT` VALUE ('ORDER00030', '978-986-933-407-5', 3);
INSERT INTO `HAVE_PRODUCT` VALUE ('ORDER00031', '978-986-408-493-7', 1);
INSERT INTO `HAVE_PRODUCT` VALUE ('ORDER00032', '978-986-980-720-3', 1);
INSERT INTO `HAVE_PRODUCT` VALUE ('ORDER00032', '978-986-379-802-6', 2);
INSERT INTO `HAVE_PRODUCT` VALUE ('ORDER00033', '978-957-907-280-9', 1);
INSERT INTO `HAVE_PRODUCT` VALUE ('ORDER00034', '978-986-434-405-5', 3);
INSERT INTO `HAVE_PRODUCT` VALUE ('ORDER00034', '978-957-847-264-8', 3);
INSERT INTO `HAVE_PRODUCT` VALUE ('ORDER00035', '978-045-152-493-5', 1);
INSERT INTO `HAVE_PRODUCT` VALUE ('ORDER00036', '978-957-907-280-9', 1);
INSERT INTO `HAVE_PRODUCT` VALUE ('ORDER00036', '978-986-434-405-5', 1);
INSERT INTO `HAVE_PRODUCT` VALUE ('ORDER00036', '978-986-434-542-7', 2);
INSERT INTO `HAVE_PRODUCT` VALUE ('ORDER00037', '978-076-538-810-0', 2);
INSERT INTO `HAVE_PRODUCT` VALUE ('ORDER00037', '978-125-078-453-7', 4);
INSERT INTO `HAVE_PRODUCT` VALUE ('ORDER00038', '978-986-379-802-6', 1);
INSERT INTO `HAVE_PRODUCT` VALUE ('ORDER00039', '978-076-538-810-0', 1);
INSERT INTO `HAVE_PRODUCT` VALUE ('ORDER00040', '978-125-078-453-7', 2);
INSERT INTO `HAVE_PRODUCT` VALUE ('ORDER00040', '978-957-907-280-9', 2);